/*
MySQL Backup
Source Server Version: 5.5.5
Source Database: odontoplus_bd
Date: 30/10/2018 16:18:06
*/

SET FOREIGN_KEY_CHECKS=0;

-- ----------------------------
--  Table structure for `doctors`
-- ----------------------------
DROP TABLE IF EXISTS `doctors`;
CREATE TABLE `doctors` (
  `id` int(11) NOT NULL AUTO_INCREMENT,
  `nombres` varchar(90) NOT NULL,
  `apellidos` varchar(90) NOT NULL,
  `dni` varchar(8) NOT NULL,
  `email` varchar(90) DEFAULT NULL,
  `direccion` varchar(90) NOT NULL,
  `fechanacimiento` date NOT NULL,
  `genero` varchar(25) NOT NULL,
  `estado` varchar(25) NOT NULL,
  `telefono` varchar(50) DEFAULT NULL,
  `celular` varchar(50) DEFAULT NULL,
  `celular_aux` varchar(50) DEFAULT NULL,
  `margen_ganancia` decimal(10,0) DEFAULT '0',
  `is_deleted` tinyint(1) NOT NULL DEFAULT '0',
  `updated_at` date NOT NULL,
  `created_at` date NOT NULL,
  PRIMARY KEY (`id`)
) ENGINE=InnoDB AUTO_INCREMENT=6 DEFAULT CHARSET=utf8;

-- ----------------------------
--  Table structure for `egresos`
-- ----------------------------
DROP TABLE IF EXISTS `egresos`;
CREATE TABLE `egresos` (
  `id` int(11) NOT NULL AUTO_INCREMENT,
  `fecha` date DEFAULT NULL,
  `cantidad` int(11) DEFAULT NULL,
  `concepto` varchar(125) DEFAULT NULL,
  `tipo` varchar(125) DEFAULT NULL,
  `observacion` varchar(125) DEFAULT NULL,
  `precio_unitario` decimal(6,2) DEFAULT NULL,
  `doctorId` int(11) DEFAULT NULL,
  `is_deleted` tinyint(4) DEFAULT '0',
  `created_at` timestamp NULL DEFAULT NULL ON UPDATE CURRENT_TIMESTAMP,
  `updated_at` timestamp NULL DEFAULT NULL ON UPDATE CURRENT_TIMESTAMP,
  PRIMARY KEY (`id`)
) ENGINE=InnoDB AUTO_INCREMENT=2 DEFAULT CHARSET=utf8;

-- ----------------------------
--  Table structure for `empresas`
-- ----------------------------
DROP TABLE IF EXISTS `empresas`;
CREATE TABLE `empresas` (
  `id` int(11) NOT NULL AUTO_INCREMENT,
  `nombre` varchar(120) NOT NULL,
  `ruc` varchar(12) DEFAULT NULL,
  `created_at` date NOT NULL,
  `updated_at` date NOT NULL,
  `is_deleted` tinyint(1) DEFAULT '0',
  PRIMARY KEY (`id`)
) ENGINE=InnoDB AUTO_INCREMENT=4 DEFAULT CHARSET=latin1;

-- ----------------------------
--  Table structure for `ingresos`
-- ----------------------------
DROP TABLE IF EXISTS `ingresos`;
CREATE TABLE `ingresos` (
  `id` int(11) NOT NULL AUTO_INCREMENT,
  `idPaciente` int(11) NOT NULL,
  `created_at` timestamp NULL DEFAULT NULL ON UPDATE CURRENT_TIMESTAMP,
  `updated_at` timestamp NOT NULL DEFAULT '0000-00-00 00:00:00' ON UPDATE CURRENT_TIMESTAMP,
  `is_deleted` tinyint(4) DEFAULT '0',
  PRIMARY KEY (`id`)
) ENGINE=InnoDB AUTO_INCREMENT=231 DEFAULT CHARSET=utf8;

-- ----------------------------
--  Table structure for `ingresos_detalle`
-- ----------------------------
DROP TABLE IF EXISTS `ingresos_detalle`;
CREATE TABLE `ingresos_detalle` (
  `id` int(11) NOT NULL AUTO_INCREMENT,
  `ingresoId` int(11) DEFAULT NULL,
  `precioId` int(11) DEFAULT NULL,
  `cantidad` int(11) DEFAULT NULL,
  `monto` decimal(11,2) DEFAULT NULL,
  `fecha` date DEFAULT NULL,
  `doctorId` int(11) DEFAULT NULL,
  PRIMARY KEY (`id`)
) ENGINE=InnoDB AUTO_INCREMENT=541 DEFAULT CHARSET=utf8;

-- ----------------------------
--  Table structure for `migrations`
-- ----------------------------
DROP TABLE IF EXISTS `migrations`;
CREATE TABLE `migrations` (
  `id` int(10) unsigned NOT NULL AUTO_INCREMENT,
  `migration` varchar(255) COLLATE utf8mb4_unicode_ci NOT NULL,
  `batch` int(11) NOT NULL,
  PRIMARY KEY (`id`)
) ENGINE=InnoDB DEFAULT CHARSET=utf8mb4 COLLATE=utf8mb4_unicode_ci;

-- ----------------------------
--  Table structure for `pacientes`
-- ----------------------------
DROP TABLE IF EXISTS `pacientes`;
CREATE TABLE `pacientes` (
  `id` int(11) NOT NULL AUTO_INCREMENT,
  `nombres` varchar(90) NOT NULL,
  `apellidos` varchar(90) NOT NULL,
  `dni` varchar(8) DEFAULT NULL,
  `email` varchar(90) DEFAULT NULL,
  `direccion` varchar(90) NOT NULL,
  `fechanacimiento` date DEFAULT NULL,
  `genero` varchar(25) DEFAULT NULL,
  `estado` varchar(25) DEFAULT NULL,
  `telefono` varchar(50) DEFAULT NULL,
  `fax` varchar(50) DEFAULT NULL,
  `celular` varchar(50) DEFAULT NULL,
  `celular_aux` varchar(50) DEFAULT NULL,
  `empresa_id` int(11) NOT NULL,
  `seguro_ind` int(11) DEFAULT NULL,
  `updated_at` date NOT NULL,
  `created_at` date NOT NULL,
  `nombre_apoderado` varchar(150) DEFAULT NULL,
  `celular_apoderado` varchar(150) DEFAULT NULL,
  `is_deleted` tinyint(4) DEFAULT '0',
  PRIMARY KEY (`id`)
) ENGINE=InnoDB AUTO_INCREMENT=232 DEFAULT CHARSET=latin1;

-- ----------------------------
--  Table structure for `pagos`
-- ----------------------------
DROP TABLE IF EXISTS `pagos`;
CREATE TABLE `pagos` (
  `id` int(11) NOT NULL AUTO_INCREMENT,
  `idDoctor` int(11) NOT NULL,
  `fecha_inicio` date NOT NULL,
  `fecha_fin` date NOT NULL,
  `is_deleted` tinyint(4) DEFAULT '0',
  `created_at` timestamp NULL DEFAULT NULL ON UPDATE CURRENT_TIMESTAMP,
  `updated_at` timestamp NOT NULL DEFAULT '0000-00-00 00:00:00' ON UPDATE CURRENT_TIMESTAMP,
  PRIMARY KEY (`id`)
) ENGINE=InnoDB AUTO_INCREMENT=15 DEFAULT CHARSET=utf8;

-- ----------------------------
--  Table structure for `precios`
-- ----------------------------
DROP TABLE IF EXISTS `precios`;
CREATE TABLE `precios` (
  `id` int(11) NOT NULL AUTO_INCREMENT,
  `idEmpresa` int(11) NOT NULL,
  `idTratamiento` int(11) NOT NULL,
  `monto` decimal(10,2) NOT NULL,
  PRIMARY KEY (`id`)
) ENGINE=InnoDB AUTO_INCREMENT=381 DEFAULT CHARSET=latin1;

-- ----------------------------
--  Table structure for `presupuestos`
-- ----------------------------
DROP TABLE IF EXISTS `presupuestos`;
CREATE TABLE `presupuestos` (
  `id` int(11) NOT NULL AUTO_INCREMENT,
  `fechahora` datetime NOT NULL,
  `idPaciente` int(11) NOT NULL,
  `idDoctor` int(11) NOT NULL,
  `descuento` int(11) NOT NULL,
  `is_deleted` tinyint(4) DEFAULT '0',
  PRIMARY KEY (`id`)
) ENGINE=InnoDB AUTO_INCREMENT=256 DEFAULT CHARSET=latin1;

-- ----------------------------
--  Table structure for `presupuesto_detalles`
-- ----------------------------
DROP TABLE IF EXISTS `presupuesto_detalles`;
CREATE TABLE `presupuesto_detalles` (
  `id` int(11) NOT NULL AUTO_INCREMENT,
  `idPresupuesto` int(11) NOT NULL,
  `pieza` int(11) NOT NULL,
  `seccion` int(11) NOT NULL,
  `secUno` int(11) NOT NULL,
  `secDos` int(11) NOT NULL,
  `opcion` int(11) NOT NULL,
  `monto` decimal(10,2) DEFAULT '0.00',
  PRIMARY KEY (`id`)
) ENGINE=InnoDB AUTO_INCREMENT=3917 DEFAULT CHARSET=latin1;

-- ----------------------------
--  Table structure for `proveedors`
-- ----------------------------
DROP TABLE IF EXISTS `proveedors`;
CREATE TABLE `proveedors` (
  `id` int(11) NOT NULL AUTO_INCREMENT,
  `nombres` varchar(100) NOT NULL,
  `email` varchar(120) DEFAULT NULL,
  `direccion` varchar(100) DEFAULT NULL,
  `dni` varchar(8) DEFAULT NULL,
  `telefono` varchar(60) DEFAULT NULL,
  `celular` varchar(60) DEFAULT NULL,
  `empresa` varchar(120) DEFAULT NULL,
  `ciudad` varchar(100) DEFAULT NULL,
  `ruc` varchar(11) DEFAULT NULL,
  `banco` varchar(60) DEFAULT NULL,
  `nrocuenta` varchar(60) DEFAULT NULL,
  `insumo_id` int(11) NOT NULL,
  `tipo_id` int(1) NOT NULL,
  `updated_at` datetime DEFAULT NULL,
  `created_at` datetime DEFAULT NULL,
  `is_deleted` tinyint(4) DEFAULT '0',
  PRIMARY KEY (`id`)
) ENGINE=InnoDB AUTO_INCREMENT=5 DEFAULT CHARSET=latin1;

-- ----------------------------
--  Table structure for `proveedors_detalles`
-- ----------------------------
DROP TABLE IF EXISTS `proveedors_detalles`;
CREATE TABLE `proveedors_detalles` (
  `id` int(11) NOT NULL AUTO_INCREMENT,
  `idProveedor` int(11) NOT NULL,
  `detalle` varchar(120) NOT NULL,
  `monto` decimal(5,1) NOT NULL,
  PRIMARY KEY (`id`)
) ENGINE=InnoDB AUTO_INCREMENT=39 DEFAULT CHARSET=latin1;

-- ----------------------------
--  Table structure for `roles`
-- ----------------------------
DROP TABLE IF EXISTS `roles`;
CREATE TABLE `roles` (
  `id` int(11) NOT NULL AUTO_INCREMENT,
  `nombre` varchar(50) DEFAULT NULL,
  `descripcion` varchar(100) DEFAULT NULL,
  PRIMARY KEY (`id`)
) ENGINE=InnoDB AUTO_INCREMENT=3 DEFAULT CHARSET=utf8;

-- ----------------------------
--  Table structure for `tratamientos`
-- ----------------------------
DROP TABLE IF EXISTS `tratamientos`;
CREATE TABLE `tratamientos` (
  `id` int(11) NOT NULL AUTO_INCREMENT,
  `detalle` varchar(120) NOT NULL,
  `updated_at` date NOT NULL,
  `created_at` date NOT NULL,
  `is_active` tinyint(4) DEFAULT '1',
  `is_deleted` tinyint(4) DEFAULT '0',
  PRIMARY KEY (`id`)
) ENGINE=InnoDB AUTO_INCREMENT=137 DEFAULT CHARSET=latin1;

-- ----------------------------
--  Table structure for `users`
-- ----------------------------
DROP TABLE IF EXISTS `users`;
CREATE TABLE `users` (
  `id` int(10) unsigned NOT NULL AUTO_INCREMENT,
  `name` varchar(255) COLLATE utf8mb4_unicode_ci NOT NULL,
  `email` varchar(255) COLLATE utf8mb4_unicode_ci NOT NULL,
  `password` varchar(255) COLLATE utf8mb4_unicode_ci NOT NULL,
  `remember_token` varchar(100) COLLATE utf8mb4_unicode_ci DEFAULT NULL,
  `created_at` timestamp NULL DEFAULT NULL,
  `updated_at` timestamp NULL DEFAULT NULL,
  `rolid` int(11) NOT NULL DEFAULT '2',
  `is_active` tinyint(1) DEFAULT '1',
  `is_deleted` tinyint(1) DEFAULT '0',
  PRIMARY KEY (`id`)
) ENGINE=InnoDB AUTO_INCREMENT=7 DEFAULT CHARSET=utf8mb4 COLLATE=utf8mb4_unicode_ci;

-- ----------------------------
--  Procedure definition for `OP_actualizarIngresoDetalle`
-- ----------------------------
DROP PROCEDURE IF EXISTS `OP_actualizarIngresoDetalle`;
DELIMITER ;;
CREATE DEFINER=`root`@`localhost` PROCEDURE `OP_actualizarIngresoDetalle`(IN XID_INGRESO INT, IN XID_PRECIO INT, IN XCANTIDAD INT, IN XMONTO DECIMAL(11, 2), IN XID INT, IN XFECHA DATE, IN XDOCTOR INT)
BEGIN
	DECLARE MONTO_TOTAL DECIMAL(11, 2);

		UPDATE ingresos_detalle SET ingresoId = XID_INGRESO, precioId = XID_PRECIO, cantidad = XCANTIDAD, monto = XMONTO, fecha = XFECHA, doctorId = XDOCTOR
		WHERE ingresos_detalle.id = XID;

END
;;
DELIMITER ;

-- ----------------------------
--  Procedure definition for `OP_agregarIngresoDetalle`
-- ----------------------------
DROP PROCEDURE IF EXISTS `OP_agregarIngresoDetalle`;
DELIMITER ;;
CREATE DEFINER=`root`@`localhost` PROCEDURE `OP_agregarIngresoDetalle`(IN XID_INGRESO INT, IN XID_PRECIO INT, IN XCANTIDAD INT, IN XMONTO DECIMAL(11, 2), IN XFECHA DATE, IN XDOCTOR INT)
BEGIN
		DECLARE MONTO_TOTAL DECIMAL(11, 2);

		INSERT INTO ingresos_detalle(ingresoId, precioId, cantidad, monto, fecha, doctorId) 
			VALUES (XID_INGRESO, XID_PRECIO, XCANTIDAD, XMONTO, XFECHA, XDOCTOR);		

END
;;
DELIMITER ;

-- ----------------------------
--  Procedure definition for `OP_AgregarPrecios_EmpresaId_TratamientoId`
-- ----------------------------
DROP PROCEDURE IF EXISTS `OP_AgregarPrecios_EmpresaId_TratamientoId`;
DELIMITER ;;
CREATE DEFINER=`root`@`localhost` PROCEDURE `OP_AgregarPrecios_EmpresaId_TratamientoId`(IN empresaId int, IN tratamientoId int, IN precio decimal)
BEGIN
  INSERT INTO precios (idEmpresa, idTratamiento, monto) values (empresaId, tratamientoId, precio);
  SELECT ROW_COUNT() AS ESTADO;
END
;;
DELIMITER ;

-- ----------------------------
--  Procedure definition for `OP_agregarPresupuestoGeneral`
-- ----------------------------
DROP PROCEDURE IF EXISTS `OP_agregarPresupuestoGeneral`;
DELIMITER ;;
CREATE DEFINER=`root`@`localhost` PROCEDURE `OP_agregarPresupuestoGeneral`(IN ID_PRESUPUESTO INT, IN XID_PACIENTE INT, IN XID_DOCTOR INT, IN XDESCUENTO INT)
BEGIN
		INSERT INTO presupuestos(id, fechahora, idPaciente, idDoctor, descuento)
			VALUES (ID_PRESUPUESTO, NOW(), XID_PACIENTE, XID_DOCTOR, XDESCUENTO);

		SELECT ROW_COUNT() AS ESTADO;
END
;;
DELIMITER ;

-- ----------------------------
--  Procedure definition for `OP_agregarPresupuestosDetalles`
-- ----------------------------
DROP PROCEDURE IF EXISTS `OP_agregarPresupuestosDetalles`;
DELIMITER ;;
CREATE DEFINER=`root`@`localhost` PROCEDURE `OP_agregarPresupuestosDetalles`(IN XID_PRESUPUESTO INT, IN XPIEZA INT, XSECCION INT, IN XSECUNO INT, IN XSECDOS INT, IN XOPCION INT, IN XMONTO DECIMAL(10, 2))
BEGIN
		INSERT INTO presupuesto_detalles(idPresupuesto, pieza, seccion, secUno, secDos, opcion, monto)
		VALUES(XID_PRESUPUESTO, XPIEZA, XSECCION, XSECUNO, XSECDOS, XOPCION, XMONTO);

		SELECT ROW_COUNT() AS ESTADO;
END
;;
DELIMITER ;

-- ----------------------------
--  Procedure definition for `OP_eliminarDoctor_Id`
-- ----------------------------
DROP PROCEDURE IF EXISTS `OP_eliminarDoctor_Id`;
DELIMITER ;;
CREATE DEFINER=`root`@`localhost` PROCEDURE `OP_eliminarDoctor_Id`(IN XID_DOCTOR INT)
BEGIN
	DELETE FROM doctors WHERE id = XID_DOCTOR;
	ALTER TABLE `doctors` AUTO_INCREMENT = 1;
END
;;
DELIMITER ;

-- ----------------------------
--  Procedure definition for `OP_eliminarIngresoDetalle`
-- ----------------------------
DROP PROCEDURE IF EXISTS `OP_eliminarIngresoDetalle`;
DELIMITER ;;
CREATE DEFINER=`root`@`localhost` PROCEDURE `OP_eliminarIngresoDetalle`(IN XID INT)
BEGIN
	DELETE FROM ingresos_detalle WHERE ingresos_detalle.id = XID;
END
;;
DELIMITER ;

-- ----------------------------
--  Procedure definition for `OP_eliminarIngreso_Id`
-- ----------------------------
DROP PROCEDURE IF EXISTS `OP_eliminarIngreso_Id`;
DELIMITER ;;
CREATE DEFINER=`root`@`localhost` PROCEDURE `OP_eliminarIngreso_Id`(IN XID_PACIENTE INT)
BEGIN
	DELETE FROM ingresos WHERE idPaciente = XID_PACIENTE;
	ALTER TABLE `ingresos` AUTO_INCREMENT = 1;
END
;;
DELIMITER ;

-- ----------------------------
--  Procedure definition for `OP_eliminarPaciente_Id`
-- ----------------------------
DROP PROCEDURE IF EXISTS `OP_eliminarPaciente_Id`;
DELIMITER ;;
CREATE DEFINER=`root`@`localhost` PROCEDURE `OP_eliminarPaciente_Id`(IN XID_PACIENTE INT)
BEGIN
	DELETE FROM pacientes WHERE id = XID_PACIENTE;
	ALTER TABLE `pacientes` AUTO_INCREMENT = 1;
END
;;
DELIMITER ;

-- ----------------------------
--  Procedure definition for `OP_eliminarPresupuesto_Id`
-- ----------------------------
DROP PROCEDURE IF EXISTS `OP_eliminarPresupuesto_Id`;
DELIMITER ;;
CREATE DEFINER=`root`@`localhost` PROCEDURE `OP_eliminarPresupuesto_Id`(IN XID_PRESUPUESTO INT)
BEGIN
	START TRANSACTION;
		DELETE FROM presupuestos WHERE id = XID_PRESUPUESTO;
		DELETE FROM presupuesto_detalles WHERE idPresupuesto = XID_PRESUPUESTO;
	COMMIT;
END
;;
DELIMITER ;

-- ----------------------------
--  Procedure definition for `OP_eliminarTratamiento_Id`
-- ----------------------------
DROP PROCEDURE IF EXISTS `OP_eliminarTratamiento_Id`;
DELIMITER ;;
CREATE DEFINER=`root`@`localhost` PROCEDURE `OP_eliminarTratamiento_Id`(IN XID_TRATAMIENTO INT)
BEGIN
	START TRANSACTION;
		DELETE FROM tratamientos WHERE id = XID_TRATAMIENTO;
		DELETE FROM precios WHERE idTratamiento = XID_TRATAMIENTO;
	COMMIT;
END
;;
DELIMITER ;

-- ----------------------------
--  Procedure definition for `OP_esDoctorBorrable_Id`
-- ----------------------------
DROP PROCEDURE IF EXISTS `OP_esDoctorBorrable_Id`;
DELIMITER ;;
CREATE DEFINER=`root`@`localhost` PROCEDURE `OP_esDoctorBorrable_Id`(IN XID_DOCTOR INT)
BEGIN
DECLARE myvar INT;

SELECT count(id) INTO myvar FROM `presupuestos` WHERE idDoctor = XID_DOCTOR;

IF myvar = "0" THEN
	SELECT 1 as CAN_DELETE; -- PUEDE BORRARSE --
ELSE
	SELECT 0 as CAN_DELETE; -- NO SE DEBE BORRAR --
END IF;

END
;;
DELIMITER ;

-- ----------------------------
--  Procedure definition for `OP_esIngresoBorrable_Id`
-- ----------------------------
DROP PROCEDURE IF EXISTS `OP_esIngresoBorrable_Id`;
DELIMITER ;;
CREATE DEFINER=`root`@`localhost` PROCEDURE `OP_esIngresoBorrable_Id`(IN XID_INGRESO INT)
BEGIN

	DECLARE myvar INT;
	
	SELECT count(id) INTO myvar FROM ingresos_detalle where ingresos_detalle.ingresoId = XID_INGRESO;
	
	IF myvar = "0" THEN
		SELECT 1 as CAN_DELETE; -- PUEDE BORRARSE --
	ELSE
		SELECT 0 as CAN_DELETE; -- NO SE DEBE BORRAR --
	END IF;

END
;;
DELIMITER ;

-- ----------------------------
--  Procedure definition for `OP_esPacienteBorrable_Id`
-- ----------------------------
DROP PROCEDURE IF EXISTS `OP_esPacienteBorrable_Id`;
DELIMITER ;;
CREATE DEFINER=`root`@`localhost` PROCEDURE `OP_esPacienteBorrable_Id`(IN XID_PACIENTE INT)
BEGIN
DECLARE myvar INT;
DECLARE ingreso_status INT;

SELECT count(id) INTO myvar FROM `presupuestos` WHERE idPaciente = XID_PACIENTE;

SELECT count(idt.id)INTO ingreso_status FROM ingresos
	INNER JOIN ingresos_detalle as idt on idt.ingresoId = ingresos.id
WHERE ingresos.idPaciente = XID_PACIENTE;

IF myvar = "0" AND ingreso_status = "0" THEN
	SELECT 1 as CAN_DELETE; -- PUEDE BORRARSE --
ELSE
	SELECT 0 as CAN_DELETE; -- NO SE DEBE BORRAR --
END IF;

END
;;
DELIMITER ;

-- ----------------------------
--  Procedure definition for `OP_esTratamientoBorrable_Id`
-- ----------------------------
DROP PROCEDURE IF EXISTS `OP_esTratamientoBorrable_Id`;
DELIMITER ;;
CREATE DEFINER=`root`@`localhost` PROCEDURE `OP_esTratamientoBorrable_Id`(IN XID_TRATAMIENTO INT)
BEGIN
DECLARE myvar INT;

SELECT count(id) INTO myvar FROM presupuesto_detalles WHERE pieza = XID_TRATAMIENTO or seccion = XID_TRATAMIENTO or secUno = XID_TRATAMIENTO or SecDos = XID_TRATAMIENTO;

IF myvar = "0" THEN
	SELECT 1 as CAN_DELETE; -- PUEDE BORRARSE --
ELSE
	SELECT 0 as CAN_DELETE; -- NO SE DEBE BORRAR --
END IF;

END
;;
DELIMITER ;

-- ----------------------------
--  Procedure definition for `OP_obtenerAllTotalIngreso_Id`
-- ----------------------------
DROP PROCEDURE IF EXISTS `OP_obtenerAllTotalIngreso_Id`;
DELIMITER ;;
CREATE DEFINER=`root`@`localhost` PROCEDURE `OP_obtenerAllTotalIngreso_Id`(IN XID_INGRESO INT)
BEGIN
	
	SELECT SUM(idt.cantidad * idt.monto) as total FROM ingresos
		INNER JOIN ingresos_detalle as idt on idt.ingresoId = ingresos.id
	WHERE ingresos.id = XID_INGRESO;

END
;;
DELIMITER ;

-- ----------------------------
--  Procedure definition for `OP_ObtenerDoctores`
-- ----------------------------
DROP PROCEDURE IF EXISTS `OP_ObtenerDoctores`;
DELIMITER ;;
CREATE DEFINER=`root`@`localhost` PROCEDURE `OP_ObtenerDoctores`()
BEGIN
  SELECT d.id, d.nombres, d.apellidos, d.dni, d.email, d.direccion, d.telefono, d.celular, d.margen_ganancia
  FROM doctors d
  WHERE d.is_deleted = '0';
END
;;
DELIMITER ;

-- ----------------------------
--  Procedure definition for `OP_ObtenerDoctores_DESC`
-- ----------------------------
DROP PROCEDURE IF EXISTS `OP_ObtenerDoctores_DESC`;
DELIMITER ;;
CREATE DEFINER=`root`@`localhost` PROCEDURE `OP_ObtenerDoctores_DESC`()
BEGIN
  SELECT d.id, d.nombres, d.apellidos, d.dni, d.email, d.direccion, d.telefono, d.celular, d.margen_ganancia
  FROM doctors d
  WHERE d.is_deleted = '0' ORDER BY d.id DESC;
END
;;
DELIMITER ;

-- ----------------------------
--  Procedure definition for `OP_ObtenerDoctores_Id`
-- ----------------------------
DROP PROCEDURE IF EXISTS `OP_ObtenerDoctores_Id`;
DELIMITER ;;
CREATE DEFINER=`root`@`localhost` PROCEDURE `OP_ObtenerDoctores_Id`(IN XID INT)
BEGIN
  SELECT d.id, d.nombres, d.apellidos, d.dni, d.email, d.direccion, d.telefono, d.celular, d.margen_ganancia,
         d.genero, d.estado, d.celular_aux, d.fechanacimiento
  FROM doctors d
  WHERE d.id = XID AND d.is_deleted = '0';
END
;;
DELIMITER ;

-- ----------------------------
--  Procedure definition for `OP_obtenerDoctores_presupuesto`
-- ----------------------------
DROP PROCEDURE IF EXISTS `OP_obtenerDoctores_presupuesto`;
DELIMITER ;;
CREATE DEFINER=`root`@`localhost` PROCEDURE `OP_obtenerDoctores_presupuesto`(IN XID_DOCTOR INT)
BEGIN
	SELECT id as id, nombres as nombres, apellidos as apellidos, margen_ganancia
		FROM doctors WHERE id = XID_DOCTOR;
END
;;
DELIMITER ;

-- ----------------------------
--  Procedure definition for `OP_obtenerEgresos`
-- ----------------------------
DROP PROCEDURE IF EXISTS `OP_obtenerEgresos`;
DELIMITER ;;
CREATE DEFINER=`root`@`localhost` PROCEDURE `OP_obtenerEgresos`()
BEGIN
		SELECT egresos.id, fecha, concepto, cantidad, precio_unitario as monto, SUM(cantidad * precio_unitario) as total, 
					 tipo, doctors.apellidos as doctor, doctors.id as doctorId, observacion as nota
			FROM egresos
		LEFT JOIN doctors on doctors.id = egresos.doctorId
		WHERE egresos.is_deleted = 0
		GROUP BY egresos.id ORDER BY egresos.id DESC;
END
;;
DELIMITER ;

-- ----------------------------
--  Procedure definition for `OP_ObtenerEgresos_Fechas`
-- ----------------------------
DROP PROCEDURE IF EXISTS `OP_ObtenerEgresos_Fechas`;
DELIMITER ;;
CREATE DEFINER=`root`@`localhost` PROCEDURE `OP_ObtenerEgresos_Fechas`(IN XDATE DATE)
BEGIN
	SET lc_time_names = 'es_ES';
	SELECT MONTHNAME(e.fecha) as mes, SUM(e.cantidad * e.precio_unitario) as egresos
		FROM egresos as e
	WHERE e.fecha BETWEEN XDATE - INTERVAL 5 MONTH AND XDATE
		GROUP BY (MONTH(e.fecha));
END
;;
DELIMITER ;

-- ----------------------------
--  Procedure definition for `OP_obtenerEgresos_Id`
-- ----------------------------
DROP PROCEDURE IF EXISTS `OP_obtenerEgresos_Id`;
DELIMITER ;;
CREATE DEFINER=`root`@`localhost` PROCEDURE `OP_obtenerEgresos_Id`(IN XID INT)
BEGIN
	SELECT egresos.id, fecha, concepto, cantidad, precio_unitario as monto, SUM(cantidad * precio_unitario) as total, tipo, 
				 doctors.apellidos as doctor, doctors.id as doctorId, observacion as nota
			FROM egresos
		LEFT JOIN doctors on doctors.id = egresos.doctorId
		WHERE egresos.is_deleted = 0 AND egresos.id = XID
		GROUP BY egresos.id;
END
;;
DELIMITER ;

-- ----------------------------
--  Procedure definition for `OP_obtenerEmpresaActual_paciente`
-- ----------------------------
DROP PROCEDURE IF EXISTS `OP_obtenerEmpresaActual_paciente`;
DELIMITER ;;
CREATE DEFINER=`root`@`localhost` PROCEDURE `OP_obtenerEmpresaActual_paciente`(IN XID_PACIENTE INT)
BEGIN
	SELECT empresa_id FROM pacientes WHERE pacientes.id = XID_PACIENTE;
END
;;
DELIMITER ;

-- ----------------------------
--  Procedure definition for `OP_ObtenerEmpresas`
-- ----------------------------
DROP PROCEDURE IF EXISTS `OP_ObtenerEmpresas`;
DELIMITER ;;
CREATE DEFINER=`root`@`localhost` PROCEDURE `OP_ObtenerEmpresas`()
BEGIN
  SELECT e.id, e.nombre, e.ruc
  FROM empresas e
  WHERE e.is_deleted = '0';
END
;;
DELIMITER ;

-- ----------------------------
--  Procedure definition for `OP_ObtenerEmpresas_DESC`
-- ----------------------------
DROP PROCEDURE IF EXISTS `OP_ObtenerEmpresas_DESC`;
DELIMITER ;;
CREATE DEFINER=`root`@`localhost` PROCEDURE `OP_ObtenerEmpresas_DESC`()
BEGIN
  SELECT e.id, e.nombre, e.ruc
  FROM empresas e
  WHERE e.is_deleted = '0' ORDER BY e.id DESC;
END
;;
DELIMITER ;

-- ----------------------------
--  Procedure definition for `OP_ObtenerEmpresas_Id`
-- ----------------------------
DROP PROCEDURE IF EXISTS `OP_ObtenerEmpresas_Id`;
DELIMITER ;;
CREATE DEFINER=`root`@`localhost` PROCEDURE `OP_ObtenerEmpresas_Id`(IN XID INT)
BEGIN
  SELECT e.id, e.nombre, e.ruc
  FROM empresas e
  WHERE e.id = XID AND e.is_deleted = '0';
END
;;
DELIMITER ;

-- ----------------------------
--  Procedure definition for `OP_ObtenerGanancias`
-- ----------------------------
DROP PROCEDURE IF EXISTS `OP_ObtenerGanancias`;
DELIMITER ;;
CREATE DEFINER=`odontoguess`@`%` PROCEDURE `OP_ObtenerGanancias`()
BEGIN
    SELECT idt.id, dr.nombres,dr.apellidos, tr.detalle as tratamiento, idt.cantidad, idt.monto, (idt.cantidad * idt.monto) as total,
           FORMAT((dr.margen_ganancia/100 * idt.cantidad * idt.monto),2) as doctor
    FROM ingresos_detalle idt
    INNER JOIN doctors dr ON dr.id = idt.doctorId
    INNER JOIN precios pr ON pr.id = idt.precioId
    INNER JOIN tratamientos tr ON tr.id = pr.idTratamiento;
END
;;
DELIMITER ;

-- ----------------------------
--  Procedure definition for `OP_obtenerIngresoDetalle_Id`
-- ----------------------------
DROP PROCEDURE IF EXISTS `OP_obtenerIngresoDetalle_Id`;
DELIMITER ;;
CREATE DEFINER=`root`@`localhost` PROCEDURE `OP_obtenerIngresoDetalle_Id`(IN XID_INGRESO INT)
BEGIN
	SELECT idt.id, trat.id as idTratamiento, trat.detalle as tratamiento,
				 doc.id as idDoctor, CONCAT(doc.nombres, ' ', doc.apellidos) as nombreDoctor,				 
				 idt.cantidad * idt.monto as total,
				 ROUND(IFNULL(SUM(idt.monto * idt.cantidad) * doc.margen_ganancia/100, 0), 2) as mg,
				 ROUND(IFNULL(SUM(idt.monto * idt.cantidad) - (SUM(idt.monto * idt.cantidad) * doc.margen_ganancia/100), 0), 2) as mg_core,
				 idt.cantidad, idt.monto, idt.fecha as fecha
		FROM ingresos
		INNER JOIN ingresos_detalle as idt on ingresos.id = idt.ingresoId
		INNER JOIN precios on precios.id = idt.precioId
		INNER JOIN tratamientos as trat on trat.id = precios.idTratamiento
		LEFT JOIN doctors as doc on doc.id = idt.doctorId
	WHERE idt.ingresoId = XID_INGRESO AND ingresos.is_deleted = 0
	GROUP BY idt.id
	ORDER BY idt.id DESC;
END
;;
DELIMITER ;

-- ----------------------------
--  Procedure definition for `OP_obtenerIngresos`
-- ----------------------------
DROP PROCEDURE IF EXISTS `OP_obtenerIngresos`;
DELIMITER ;;
CREATE DEFINER=`root`@`localhost` PROCEDURE `OP_obtenerIngresos`()
BEGIN 
	SELECT ingresos.id as id, pacientes.id as hc, CONCAT(pacientes.nombres, ' ', pacientes.apellidos) as nombrePaciente, 
			 ingresos.created_at as fecha,			
			 IFNULL(SUM(idt.cantidad * idt.monto), 0) as monto_total
		FROM `ingresos` 
	INNER JOIN pacientes on pacientes.id = ingresos.idPaciente
  LEFT JOIN ingresos_detalle as idt on idt.ingresoId = ingresos.id
		WHERE ingresos.is_deleted = 0
		GROUP BY ingresos.id ORDER BY ingresos.id DESC;
END
;;
DELIMITER ;

-- ----------------------------
--  Procedure definition for `OP_ObtenerIngresosPorEmpresa_Fechas`
-- ----------------------------
DROP PROCEDURE IF EXISTS `OP_ObtenerIngresosPorEmpresa_Fechas`;
DELIMITER ;;
CREATE DEFINER=`root`@`localhost` PROCEDURE `OP_ObtenerIngresosPorEmpresa_Fechas`(IN start_date DATE, IN end_date date)
BEGIN
	SELECT empresas.nombre as nombre, SUM(idt.cantidad * idt.monto) as ingresos
		FROM pacientes
	INNER JOIN ingresos on ingresos.idPaciente = pacientes.id
	INNER JOIN empresas on empresas.id = pacientes.empresa_id
	INNER JOIN ingresos_detalle as idt on idt.ingresoId = ingresos.id
		WHERE idt.fecha BETWEEN start_date AND end_date
	GROUP BY pacientes.empresa_id;
END
;;
DELIMITER ;

-- ----------------------------
--  Procedure definition for `OP_ObtenerIngresosPorEmpresa_Reportes`
-- ----------------------------
DROP PROCEDURE IF EXISTS `OP_ObtenerIngresosPorEmpresa_Reportes`;
DELIMITER ;;
CREATE DEFINER=`root`@`localhost` PROCEDURE `OP_ObtenerIngresosPorEmpresa_Reportes`()
BEGIN
	SELECT empresas.nombre as nombre, SUM(idt.cantidad * idt.monto) as ingresos
		FROM pacientes
	INNER JOIN ingresos on ingresos.idPaciente = pacientes.id
	INNER JOIN empresas on empresas.id = pacientes.empresa_id
	INNER JOIN ingresos_detalle as idt on idt.ingresoId = ingresos.id
		GROUP BY pacientes.empresa_id;
END
;;
DELIMITER ;

-- ----------------------------
--  Procedure definition for `OP_ObtenerIngresosPorPaciente_Fechas`
-- ----------------------------
DROP PROCEDURE IF EXISTS `OP_ObtenerIngresosPorPaciente_Fechas`;
DELIMITER ;;
CREATE DEFINER=`root`@`localhost` PROCEDURE `OP_ObtenerIngresosPorPaciente_Fechas`(IN XINI DATE, IN XFIN DATE)
BEGIN
	SELECT SUBSTRING(CONCAT(pacientes.nombres, " ", pacientes.apellidos), 1, 25) as nombre, SUM(idt.cantidad * idt.monto) as monto
		FROM ingresos INNER JOIN pacientes on pacientes.id = ingresos.idPaciente
	INNER JOIN ingresos_detalle as idt on idt.ingresoId = ingresos.id
	WHERE idt.fecha BETWEEN XINI AND XFIN
	GROUP BY (ingresos.idPaciente) ORDER BY monto DESC LIMIT 10;
END
;;
DELIMITER ;

-- ----------------------------
--  Procedure definition for `OP_ObtenerIngresosPorPaciente_Reportes`
-- ----------------------------
DROP PROCEDURE IF EXISTS `OP_ObtenerIngresosPorPaciente_Reportes`;
DELIMITER ;;
CREATE DEFINER=`root`@`localhost` PROCEDURE `OP_ObtenerIngresosPorPaciente_Reportes`()
BEGIN
	SELECT SUBSTRING(CONCAT(pacientes.nombres, " ", pacientes.apellidos), 1, 25) as nombre, SUM(idt.cantidad * idt.monto) as monto
		FROM ingresos INNER JOIN pacientes on pacientes.id = ingresos.idPaciente
	INNER JOIN ingresos_detalle as idt on idt.ingresoId = ingresos.id
	GROUP BY (ingresos.idPaciente) ORDER BY monto DESC LIMIT 10;
END
;;
DELIMITER ;

-- ----------------------------
--  Procedure definition for `OP_ObtenerIngresosTotales_DoctorId_RangoFechas`
-- ----------------------------
DROP PROCEDURE IF EXISTS `OP_ObtenerIngresosTotales_DoctorId_RangoFechas`;
DELIMITER ;;
CREATE DEFINER=`odontoguess`@`%` PROCEDURE `OP_ObtenerIngresosTotales_DoctorId_RangoFechas`(IN doctor_id int, IN start_date date, IN end_date date)
BEGIN
	IF doctor_id = 0 THEN

    SELECT FORMAT(IFNULL(SUM(idt.cantidad * idt.monto), 0),2) as total,
           FORMAT(IFNULL(SUM(dr.margen_ganancia/100 * idt.cantidad * idt.monto), 0),2) as total_doctor,
           FORMAT(IFNULL(SUM((100-dr.margen_ganancia)/100 * idt.cantidad * idt.monto), 0),2) as total_ganancia
    FROM ingresos_detalle idt
    INNER JOIN doctors dr ON dr.id = idt.doctorId
    WHERE idt.fecha BETWEEN start_date AND end_date;

	ELSE

    SELECT FORMAT(IFNULL(SUM(idt.cantidad * idt.monto), 0),2) as total,
           FORMAT(IFNULL(SUM(dr.margen_ganancia/100 * idt.cantidad * idt.monto), 0),2) as total_doctor,
           FORMAT(IFNULL(SUM((100-dr.margen_ganancia)/100 * idt.cantidad * idt.monto), 0),2) as total_ganancia
    FROM ingresos_detalle idt
    INNER JOIN doctors dr ON dr.id = idt.doctorId
    WHERE dr.id = doctor_id AND idt.fecha BETWEEN start_date AND end_date;

  END IF;
END
;;
DELIMITER ;

-- ----------------------------
--  Procedure definition for `OP_obtenerIngresosTotal_Id`
-- ----------------------------
DROP PROCEDURE IF EXISTS `OP_obtenerIngresosTotal_Id`;
DELIMITER ;;
CREATE DEFINER=`root`@`localhost` PROCEDURE `OP_obtenerIngresosTotal_Id`(IN XID_INGRESO_DETALLE INT)
BEGIN
	SELECT ROUND(IFNULL(SUM(ingresos_detalle.monto * ingresos_detalle.cantidad), 0), 2) as total, 
			   ROUND(IFNULL(SUM(ingresos_detalle.monto * ingresos_detalle.cantidad) * doctors.margen_ganancia/100, 0), 2) as mg,
			   ROUND(IFNULL(SUM(ingresos_detalle.monto * ingresos_detalle.cantidad) - (SUM(ingresos_detalle.monto * ingresos_detalle.cantidad) * doctors.margen_ganancia/100), 0), 2) as mg_core 
		FROM ingresos_detalle
		INNER JOIN ingresos on ingresos.id = ingresos_detalle.ingresoId
		INNER JOIN doctors on doctors.id = ingresos_detalle.doctorId
	WHERE ingresos_detalle.id = XID_INGRESO_DETALLE AND ingresos.is_deleted = 0;	
END
;;
DELIMITER ;

-- ----------------------------
--  Procedure definition for `OP_ObtenerIngresos_DoctorId_RangoFechas`
-- ----------------------------
DROP PROCEDURE IF EXISTS `OP_ObtenerIngresos_DoctorId_RangoFechas`;
DELIMITER ;;
CREATE DEFINER=`odontoguess`@`%` PROCEDURE `OP_ObtenerIngresos_DoctorId_RangoFechas`(IN doctor_id int, IN start_date date, IN end_date date)
BEGIN
	IF doctor_id = 0 THEN

    SELECT idt.id, dr.id as doctorId, dr.nombres,dr.apellidos, tr.detalle as tratamiento, idt.cantidad, idt.monto, (idt.cantidad * idt.monto) as total,
           FORMAT((dr.margen_ganancia/100 * idt.cantidad * idt.monto), 2) as doctor, DATE_FORMAT(idt.fecha, "%d-%m-%Y") as fecha
    FROM ingresos_detalle idt
    INNER JOIN doctors dr ON dr.id = idt.doctorId
    INNER JOIN precios pr ON pr.id = idt.precioId
    INNER JOIN tratamientos tr ON tr.id = pr.idTratamiento
    WHERE idt.fecha BETWEEN start_date AND end_date;

	ELSE

    SELECT idt.id, dr.id as doctorId, dr.nombres,dr.apellidos, tr.detalle as tratamiento, idt.cantidad, idt.monto, (idt.cantidad * idt.monto) as total,
           FORMAT((dr.margen_ganancia/100 * idt.cantidad * idt.monto),2) as doctor, DATE_FORMAT(idt.fecha, "%d-%m-%Y") as fecha
    FROM ingresos_detalle idt
    INNER JOIN doctors dr ON dr.id = idt.doctorId
    INNER JOIN precios pr ON pr.id = idt.precioId
    INNER JOIN tratamientos tr ON tr.id = pr.idTratamiento
    WHERE dr.id = doctor_id AND idt.fecha BETWEEN start_date AND end_date;

  END IF;
END
;;
DELIMITER ;

-- ----------------------------
--  Procedure definition for `OP_ObtenerIngresos_Fechas`
-- ----------------------------
DROP PROCEDURE IF EXISTS `OP_ObtenerIngresos_Fechas`;
DELIMITER ;;
CREATE DEFINER=`root`@`localhost` PROCEDURE `OP_ObtenerIngresos_Fechas`(IN XDATE DATE)
BEGIN
	SET lc_time_names = 'es_ES';

	SELECT MONTHNAME(idt.fecha) as mes, SUM(idt.cantidad * idt.monto) as ingresos 
		FROM ingresos_detalle as idt
	WHERE idt.fecha BETWEEN XDATE - INTERVAL 5 MONTH AND XDATE
		GROUP BY (MONTH(idt.fecha));	
END
;;
DELIMITER ;

-- ----------------------------
--  Procedure definition for `OP_obtenerIngresos_Id`
-- ----------------------------
DROP PROCEDURE IF EXISTS `OP_obtenerIngresos_Id`;
DELIMITER ;;
CREATE DEFINER=`root`@`localhost` PROCEDURE `OP_obtenerIngresos_Id`(IN XID INT)
BEGIN
	SELECT LPAD(ingresos.id, 5, '0') as id, LPAD(pacientes.id, 5, '0') as hc, CONCAT(pacientes.nombres, ' ', pacientes.apellidos) as nombrePaciente, 
				 ingresos.created_at as fecha,					 
				 IFNULL(SUM(ingresos_detalle.cantidad * ingresos_detalle.monto), 0) as monto_total
		FROM `ingresos`
	INNER JOIN pacientes on pacientes.id = ingresos.idPaciente
	LEFt JOIN ingresos_detalle on ingresos_detalle.ingresoId = ingresos.id
	WHERE ingresos.id = XID AND ingresos.is_deleted = 0
	ORDER BY ingresos.id DESC;
END
;;
DELIMITER ;

-- ----------------------------
--  Procedure definition for `OP_obtenerPacientes`
-- ----------------------------
DROP PROCEDURE IF EXISTS `OP_obtenerPacientes`;
DELIMITER ;;
CREATE DEFINER=`root`@`localhost` PROCEDURE `OP_obtenerPacientes`()
BEGIN
	SELECT pc.id, pc.nombres, pc.apellidos, pc.dni, pc.email, pc.direccion, pc.fechanacimiento, pc.genero, 
				 pc.estado, pc.telefono, pc.fax, pc.celular, pc.celular_aux, pc.seguro_ind, 
				 pc.updated_at, pc.created_at, pc.nombre_apoderado, pc.celular_apoderado, pc.empresa_id, emp.nombre as empresa_nombre
		FROM pacientes as pc
	INNER JOIN empresas as emp on emp.id = pc.empresa_id
		ORDER BY pc.id DESC;
END
;;
DELIMITER ;

-- ----------------------------
--  Procedure definition for `OP_obtenerPacientes_Id`
-- ----------------------------
DROP PROCEDURE IF EXISTS `OP_obtenerPacientes_Id`;
DELIMITER ;;
CREATE DEFINER=`root`@`localhost` PROCEDURE `OP_obtenerPacientes_Id`(IN XID INT)
BEGIN
	SELECT pc.id, pc.nombres, pc.apellidos, pc.dni, pc.email, pc.direccion, pc.fechanacimiento, pc.genero, 
				 pc.estado, pc.telefono, pc.fax, pc.celular, pc.celular_aux, pc.seguro_ind, 
				 pc.updated_at, pc.created_at, pc.nombre_apoderado, pc.celular_apoderado, pc.empresa_id, emp.nombre as empresa_nombre
	FROM pacientes as pc
	INNER JOIN empresas as emp on emp.id = pc.empresa_id
	WHERE pc.id = XID;
END
;;
DELIMITER ;

-- ----------------------------
--  Procedure definition for `OP_obtenerPacientes_presupuesto`
-- ----------------------------
DROP PROCEDURE IF EXISTS `OP_obtenerPacientes_presupuesto`;
DELIMITER ;;
CREATE DEFINER=`root`@`localhost` PROCEDURE `OP_obtenerPacientes_presupuesto`(IN XID_PACIENTES INT)
BEGIN
	SELECT LPAD(pacientes.id, 5, '0') as id, pacientes.nombres, pacientes.apellidos, empresas.nombre as empresa, pacientes.empresa_id 
		FROM pacientes
		INNER JOIN empresas on empresas.id = pacientes.empresa_id
	WHERE pacientes.id = XID_PACIENTES;
END
;;
DELIMITER ;

-- ----------------------------
--  Procedure definition for `OP_ObtenerPagos`
-- ----------------------------
DROP PROCEDURE IF EXISTS `OP_ObtenerPagos`;
DELIMITER ;;
CREATE DEFINER=`odontoguess`@`%` PROCEDURE `OP_ObtenerPagos`()
BEGIN
  SELECT p.id, p.idDoctor, dr.nombres, dr.apellidos, p.fecha_inicio, p.fecha_fin, p.created_at, p.updated_at
  FROM pagos p
  INNER JOIN doctors dr ON dr.id = p.idDoctor
  WHERE p.is_deleted = '0' ORDER BY p.id DESC;
END
;;
DELIMITER ;

-- ----------------------------
--  Procedure definition for `OP_ObtenerPreciosEstandard`
-- ----------------------------
DROP PROCEDURE IF EXISTS `OP_ObtenerPreciosEstandard`;
DELIMITER ;;
CREATE DEFINER=`root`@`localhost` PROCEDURE `OP_ObtenerPreciosEstandard`()
BEGIN
	SELECT precios.id, precios.idTratamiento AS id_tratamiento, tratamientos.detalle AS tratamiento,
         precios.idEmpresa AS id_empresa, precios.monto AS monto
  FROM precios
  INNER JOIN tratamientos on precios.idTratamiento = tratamientos.id
  INNER JOIN empresas on precios.idEmpresa = empresas.id
  WHERE precios.idEmpresa = 1
  ORDER BY tratamientos.id;
END
;;
DELIMITER ;

-- ----------------------------
--  Procedure definition for `OP_obtenerPreciosParaTabla_EmpresaId`
-- ----------------------------
DROP PROCEDURE IF EXISTS `OP_obtenerPreciosParaTabla_EmpresaId`;
DELIMITER ;;
CREATE DEFINER=`root`@`localhost` PROCEDURE `OP_obtenerPreciosParaTabla_EmpresaId`(IN XID_EMPRESA INT)
BEGIN
	select trat.id, trat.detalle, emprc.monto from precios as emprc
		inner join empresas as emp on emp.id = emprc.idEmpresa
    inner join tratamientos as trat on trat.id = emprc.idTratamiento
  where emp.id = XID_EMPRESA and trat.id > 7 and trat.id != 29 and trat.id != 30 order by idTratamiento;
END
;;
DELIMITER ;

-- ----------------------------
--  Procedure definition for `OP_obtenerPrecios_EmpresaId`
-- ----------------------------
DROP PROCEDURE IF EXISTS `OP_obtenerPrecios_EmpresaId`;
DELIMITER ;;
CREATE DEFINER=`root`@`localhost` PROCEDURE `OP_obtenerPrecios_EmpresaId`(IN XID_EMPRESA INT)
BEGIN
	select trat.id, trat.detalle, emprc.monto from precios as emprc
		inner join empresas as emp on emp.id = emprc.idEmpresa
    inner join tratamientos as trat on trat.id = emprc.idTratamiento
  where emp.id = XID_EMPRESA order by idTratamiento;
END
;;
DELIMITER ;

-- ----------------------------
--  Procedure definition for `OP_ObtenerPrecios_EmpresaId_TratamientoId`
-- ----------------------------
DROP PROCEDURE IF EXISTS `OP_ObtenerPrecios_EmpresaId_TratamientoId`;
DELIMITER ;;
CREATE DEFINER=`root`@`localhost` PROCEDURE `OP_ObtenerPrecios_EmpresaId_TratamientoId`(IN empresaId INT, IN tratamientoId INT)
BEGIN
	SELECT precios.id, precios.idTratamiento AS id_tratamiento, precios.idEmpresa AS id_empresa, precios.monto AS monto
  FROM precios
  WHERE precios.idEmpresa = empresaId AND precios.idTratamiento = tratamientoId;
END
;;
DELIMITER ;

-- ----------------------------
--  Procedure definition for `OP_obtenerPresupuestoDetalle_Id`
-- ----------------------------
DROP PROCEDURE IF EXISTS `OP_obtenerPresupuestoDetalle_Id`;
DELIMITER ;;
CREATE DEFINER=`root`@`localhost` PROCEDURE `OP_obtenerPresupuestoDetalle_Id`(IN XID INT)
BEGIN
	SELECT id, pieza, seccion, secUno, secDos, opcion, monto FROM presupuesto_detalles
		WHERE idPresupuesto = XID;
END
;;
DELIMITER ;

-- ----------------------------
--  Procedure definition for `OP_obtenerPresupuestos`
-- ----------------------------
DROP PROCEDURE IF EXISTS `OP_obtenerPresupuestos`;
DELIMITER ;;
CREATE DEFINER=`root`@`localhost` PROCEDURE `OP_obtenerPresupuestos`()
BEGIN
	SELECT LPAD(pre.id, 5, '00000') as id, pre.fechahora as fecha, LPAD(pre.idPaciente, 5, '00000') as idPaciente, pre.idDoctor, pre.descuento, 
				 CONCAT(pc.nombres, ' ', pc.apellidos) AS nombrePaciente, 
				 CONCAT(dc.nombres, ' ', dc.apellidos) AS nombreDoctor
	FROM presupuestos as pre		
	INNER JOIN pacientes AS pc ON pc.id = pre.idPaciente
	INNER JOIN doctors AS dc ON dc.id = pre.idDoctor
	ORDER BY pre.id DESC;	
END
;;
DELIMITER ;

-- ----------------------------
--  Procedure definition for `OP_obtenerPresupuesto_Id`
-- ----------------------------
DROP PROCEDURE IF EXISTS `OP_obtenerPresupuesto_Id`;
DELIMITER ;;
CREATE DEFINER=`root`@`localhost` PROCEDURE `OP_obtenerPresupuesto_Id`(IN XID INT)
BEGIN
	SELECT LPAD(pre.id, 5, '00000') as id, pre.fechahora as fecha, LPAD(pre.idPaciente, 5, '00000') as idPaciente, pre.idDoctor, pre.descuento, 
				 CONCAT(pc.nombres, ' ', pc.apellidos) AS nombrePaciente, 
				 CONCAT(dc.nombres, ' ', dc.apellidos) AS nombreDoctor,
				 emp.nombre as empresa
		FROM presupuestos as pre		
	INNER JOIN pacientes AS pc ON pc.id = pre.idPaciente
	INNER JOIN doctors AS dc ON dc.id = pre.idDoctor
	INNER JOIN empresas as emp ON emp.id = pc.empresa_id
	WHERE pre.id = XID;
END
;;
DELIMITER ;

-- ----------------------------
--  Procedure definition for `OP_ObtenerProveedores`
-- ----------------------------
DROP PROCEDURE IF EXISTS `OP_ObtenerProveedores`;
DELIMITER ;;
CREATE DEFINER=`root`@`localhost` PROCEDURE `OP_ObtenerProveedores`()
BEGIN
  SELECT 	e.id, e.nombres, e.email, e.direccion, e.dni, e.telefono, e.celular, e.empresa,	e.ciudad,	e.ruc,
	e.banco,	e.nrocuenta,	e.insumo_id,	e.tipo_id
  FROM proveedors e
  WHERE e.is_deleted = '0';
END
;;
DELIMITER ;

-- ----------------------------
--  Procedure definition for `OP_ObtenerProveedores_Id`
-- ----------------------------
DROP PROCEDURE IF EXISTS `OP_ObtenerProveedores_Id`;
DELIMITER ;;
CREATE DEFINER=`root`@`localhost` PROCEDURE `OP_ObtenerProveedores_Id`(IN XID INT)
BEGIN
  SELECT e.id, e.nombres, e.email, e.direccion, e.dni, e.telefono, e.celular, e.empresa,	e.ciudad,	e.ruc,
	e.banco,	e.nrocuenta,	e.insumo_id,	e.tipo_id
  FROM proveedors e
  WHERE e.id = XID AND e.is_deleted = '0';
END
;;
DELIMITER ;

-- ----------------------------
--  Procedure definition for `OP_ObtenerTotalEgresos_Fechas`
-- ----------------------------
DROP PROCEDURE IF EXISTS `OP_ObtenerTotalEgresos_Fechas`;
DELIMITER ;;
CREATE DEFINER=`root`@`localhost` PROCEDURE `OP_ObtenerTotalEgresos_Fechas`(IN XINI DATE, IN XFIN DATE)
BEGIN
	SELECT SUM(cantidad * precio_unitario) as egresos
		FROM egresos
	WHERE fecha BETWEEN XINI AND XFIN;
END
;;
DELIMITER ;

-- ----------------------------
--  Procedure definition for `OP_ObtenerTotalEgresos_Reportes`
-- ----------------------------
DROP PROCEDURE IF EXISTS `OP_ObtenerTotalEgresos_Reportes`;
DELIMITER ;;
CREATE DEFINER=`root`@`localhost` PROCEDURE `OP_ObtenerTotalEgresos_Reportes`()
BEGIN
	SELECT SUM(cantidad * precio_unitario) as egresos
		FROM egresos;
END
;;
DELIMITER ;

-- ----------------------------
--  Procedure definition for `OP_ObtenerTotalIngresos_Fechas`
-- ----------------------------
DROP PROCEDURE IF EXISTS `OP_ObtenerTotalIngresos_Fechas`;
DELIMITER ;;
CREATE DEFINER=`root`@`localhost` PROCEDURE `OP_ObtenerTotalIngresos_Fechas`(IN XINI DATE, IN XFIN DATE)
BEGIN
	SELECT SUM(cantidad * monto) AS ingresos 
		FROM ingresos_detalle
	WHERE fecha BETWEEN XINI AND XFIN;
END
;;
DELIMITER ;

-- ----------------------------
--  Procedure definition for `OP_ObtenerTotalIngresos_Reportes`
-- ----------------------------
DROP PROCEDURE IF EXISTS `OP_ObtenerTotalIngresos_Reportes`;
DELIMITER ;;
CREATE DEFINER=`root`@`localhost` PROCEDURE `OP_ObtenerTotalIngresos_Reportes`()
BEGIN
	SELECT SUM(cantidad * monto) AS ingresos 
		FROM ingresos_detalle;
END
;;
DELIMITER ;

-- ----------------------------
--  Procedure definition for `OP_ObtenerTratamientos`
-- ----------------------------
DROP PROCEDURE IF EXISTS `OP_ObtenerTratamientos`;
DELIMITER ;;
CREATE DEFINER=`root`@`localhost` PROCEDURE `OP_ObtenerTratamientos`()
BEGIN
  SELECT t.id, t.detalle, t.is_active
  FROM tratamientos t
  WHERE t.is_deleted = '0' ORDER BY t.id DESC;
END
;;
DELIMITER ;

-- ----------------------------
--  Procedure definition for `OP_ObtenerTratamientosDestacados_Fechas`
-- ----------------------------
DROP PROCEDURE IF EXISTS `OP_ObtenerTratamientosDestacados_Fechas`;
DELIMITER ;;
CREATE DEFINER=`odontoguess`@`%` PROCEDURE `OP_ObtenerTratamientosDestacados_Fechas`(IN XINI DATE, IN XEND DATE)
BEGIN
	SELECT CONCAT(SUBSTRING(tratamientos.detalle, 1, 25),"... - S/.", sum(ingresos_detalle.cantidad * ingresos_detalle.monto)) as tratamiento,
				 count(tratamientos.detalle) as numero
	FROM ingresos
		INNER JOIN ingresos_detalle on ingresos_detalle.ingresoId = ingresos.id
		INNER JOIN precios on precios.id = ingresos_detalle.ingresoId
		INNER JOIN tratamientos on tratamientos.id = precios.idTratamiento
	WHERE ingresos_detalle.fecha BETWEEN XINI AND XEND
	GROUP BY (tratamientos.id) ORDER BY count(tratamientos.id) DESC LIMIT 5;
END
;;
DELIMITER ;

-- ----------------------------
--  Procedure definition for `OP_ObtenerTratamientosDestacados_Reportes`
-- ----------------------------
DROP PROCEDURE IF EXISTS `OP_ObtenerTratamientosDestacados_Reportes`;
DELIMITER ;;
CREATE DEFINER=`root`@`localhost` PROCEDURE `OP_ObtenerTratamientosDestacados_Reportes`()
BEGIN
	SELECT CONCAT(SUBSTRING(tratamientos.detalle, 1, 25)," - S/.", sum(ingresos_detalle.cantidad * ingresos_detalle.monto)) as tratamiento,
				 count(tratamientos.detalle) as numero
	FROM ingresos
		INNER JOIN ingresos_detalle on ingresos_detalle.ingresoId = ingresos.id
		INNER JOIN precios on precios.id = ingresos_detalle.ingresoId
		INNER JOIN tratamientos on tratamientos.id = precios.idTratamiento
	GROUP BY (tratamientos.id) ORDER BY count(tratamientos.id) DESC LIMIT 5;
END
;;
DELIMITER ;

-- ----------------------------
--  Procedure definition for `OP_ObtenerTratamientos_Id`
-- ----------------------------
DROP PROCEDURE IF EXISTS `OP_ObtenerTratamientos_Id`;
DELIMITER ;;
CREATE DEFINER=`root`@`localhost` PROCEDURE `OP_ObtenerTratamientos_Id`(IN XID INT)
BEGIN
  SELECT t.id, t.detalle, t.is_active
  FROM tratamientos t
  WHERE t.id = XID AND t.is_deleted = '0';
END
;;
DELIMITER ;

-- ----------------------------
--  Procedure definition for `OP_obtenerTratamientos_PacienteId`
-- ----------------------------
DROP PROCEDURE IF EXISTS `OP_obtenerTratamientos_PacienteId`;
DELIMITER ;;
CREATE DEFINER=`root`@`localhost` PROCEDURE `OP_obtenerTratamientos_PacienteId`(IN XID_PACIENTE INT)
BEGIN
	DECLARE XID_EMPRESA INT;

	SELECT empresa_id INTO XID_EMPRESA FROM pacientes where pacientes.id = XID_PACIENTE;

	SELECT precios.id, detalle, monto FROM PRECIOS 
		INNER JOIN tratamientos ON precios.idTratamiento = tratamientos.id
	WHERE idEmpresa = XID_EMPRESA ORDER BY (tratamientos.id);
END
;;
DELIMITER ;

-- ----------------------------
--  Procedure definition for `OP_obtenerUltimoIngresoDetalle_Id`
-- ----------------------------
DROP PROCEDURE IF EXISTS `OP_obtenerUltimoIngresoDetalle_Id`;
DELIMITER ;;
CREATE DEFINER=`root`@`localhost` PROCEDURE `OP_obtenerUltimoIngresoDetalle_Id`(IN XID_INGRESO INT)
BEGIN
	SELECT idt.id as lastIngresoDetalle FROM ingresos_detalle as idt ORDER BY idt.id DESC LIMIT 1;
END
;;
DELIMITER ;

-- ----------------------------
--  Procedure definition for `OP_obtenerUltimoPago`
-- ----------------------------
DROP PROCEDURE IF EXISTS `OP_obtenerUltimoPago`;
DELIMITER ;;
CREATE DEFINER=`root`@`localhost` PROCEDURE `OP_obtenerUltimoPago`()
BEGIN
	DECLARE NRO_PAGO INT;
	
	SELECT id INTO NRO_PAGO FROM pagos LIMIT 1;
	
	IF NRO_PAGO IS NULL THEN
			SELECT LPAD(1, 5, '00000') as pagos; 
	ELSE
		SELECT LPAD(id+1, 5, '00000') as pagos FROM pagos ORDER BY id DESC LIMIT 1;
  END IF;

END
;;
DELIMITER ;

-- ----------------------------
--  Procedure definition for `OP_obtenerUltimoPresupuesto`
-- ----------------------------
DROP PROCEDURE IF EXISTS `OP_obtenerUltimoPresupuesto`;
DELIMITER ;;
CREATE DEFINER=`root`@`localhost` PROCEDURE `OP_obtenerUltimoPresupuesto`()
BEGIN
	DECLARE NRO_PRESUPUESTO INT;
	
	SELECT id INTO NRO_PRESUPUESTO FROM presupuestos LIMIT 1;
	
	IF NRO_PRESUPUESTO IS NULL THEN
			SELECT LPAD(1, 5, '00000') as presupuesto; 
	ELSE
		SELECT LPAD(id+1, 5, '00000') as presupuesto FROM presupuestos ORDER BY id DESC LIMIT 1;
  END IF;

END
;;
DELIMITER ;

-- ----------------------------
--  Procedure definition for `OP_obtenerUltimosDiezPacientes`
-- ----------------------------
DROP PROCEDURE IF EXISTS `OP_obtenerUltimosDiezPacientes`;
DELIMITER ;;
CREATE DEFINER=`root`@`localhost` PROCEDURE `OP_obtenerUltimosDiezPacientes`()
SELECT id as hc, CONCAT(nombres, ' ', apellidos) as nombres 
		FROM pacientes 
	WHERE pacientes.is_deleted = 0
ORDER BY created_at DESC LIMIT 10
;;
DELIMITER ;

-- ----------------------------
--  Procedure definition for `OP_obtenerUltimosDiezPresupuestos`
-- ----------------------------
DROP PROCEDURE IF EXISTS `OP_obtenerUltimosDiezPresupuestos`;
DELIMITER ;;
CREATE DEFINER=`root`@`localhost` PROCEDURE `OP_obtenerUltimosDiezPresupuestos`()
BEGIN
  SELECT presupuestos.id, CONCAT(pacientes.nombres, ' ', pacientes.apellidos) AS pacientes, doctors.nombres as doctores 
		FROM presupuestos
	INNER JOIN pacientes on pacientes.id = presupuestos.idPaciente
	INNER JOIN doctors on doctors.id = presupuestos.idDoctor
		WHERE presupuestos.is_deleted = 0
	ORDER BY fechahora DESC LIMIT 10;
END
;;
DELIMITER ;

-- ----------------------------
--  Procedure definition for `OP_obtenerUserByEmail`
-- ----------------------------
DROP PROCEDURE IF EXISTS `OP_obtenerUserByEmail`;
DELIMITER ;;
CREATE DEFINER=`root`@`localhost` PROCEDURE `OP_obtenerUserByEmail`(IN XEMAIL VARCHAR(255))
BEGIN
	SELECT name, email, is_active, is_deleted 
		FROM users WHERE email = XEMAIL;
END
;;
DELIMITER ;

-- ----------------------------
--  Procedure definition for `OP_ObtenerUsuarios`
-- ----------------------------
DROP PROCEDURE IF EXISTS `OP_ObtenerUsuarios`;
DELIMITER ;;
CREATE DEFINER=`root`@`localhost` PROCEDURE `OP_ObtenerUsuarios`()
BEGIN
  SELECT u.id, u.name, u.email, u.is_active, u.created_at, r.nombre AS rol
  FROM users u
  LEFT JOIN roles r ON u.rolid = r.id
  WHERE u.is_deleted = '0' ORDER BY u.id DESC;
END
;;
DELIMITER ;

-- ----------------------------
--  Procedure definition for `OP_ObtenerUsuarios_Id`
-- ----------------------------
DROP PROCEDURE IF EXISTS `OP_ObtenerUsuarios_Id`;
DELIMITER ;;
CREATE DEFINER=`root`@`localhost` PROCEDURE `OP_ObtenerUsuarios_Id`(IN XID INT)
BEGIN
  SELECT u.id, u.name, u.email, u.is_active, u.created_at, u.rolid, u.is_active
  FROM users u
  WHERE u.id = XID AND u.is_deleted = '0' ORDER BY u.id DESC;
END
;;
DELIMITER ;

-- ----------------------------
--  Procedure definition for `OP_pagos`
-- ----------------------------
DROP PROCEDURE IF EXISTS `OP_pagos`;
DELIMITER ;;
CREATE DEFINER=`odontoguess`@`%` PROCEDURE `OP_pagos`()
BEGIN
  SELECT p.id, p.idDoctor, dr.nombres, dr.apellidos, p.fecha_inicio, p.fecha_fin, p.created_at, p.updated_at
  FROM pagos p
  INNER JOIN doctors dr ON dr.id = p.idDoctor
  WHERE p.is_deleted = '0';
END
;;
DELIMITER ;

-- ----------------------------
--  Records 
-- ----------------------------
INSERT INTO `doctors` VALUES ('1','Arturo Rafael','Quilcate Gonzales','47555917','dr.quilcate92@outlook.com','Jr. Silva Santisteban 501','1992-12-23','Masculino','Soltero','','966707974','','40','0','2017-11-09','2017-11-09'), ('2','Fresia','Sandoval Vallejos','73821877','fresiv.wu@hotmail.com','Jr. Jose Glvez 983','1993-06-08','Femenino','Soltero',NULL,'959365285',NULL,'40','0','2018-10-19','2017-09-12'), ('3','Marco Antonio','Retegui Navarro','11111111','','XX','0001-11-11','Masculino','Soltero','','949780056','949373793','0','0','2018-03-12','2018-01-26'), ('4','CORE','Ventas','11111111','','Jr. Silva Santisteban 507','2017-03-01','Masculino','Soltero','284095','959365285','','0','0','2018-05-15','2018-04-11'), ('5','Rosario','Medina Diaz','46593986','medinadiazchari25@gmail.com','Jr. Dos de Mayo #640','1990-10-25','Femenino','Soltero','','993881235','','0','0','2018-09-24','2018-09-24');
INSERT INTO `egresos` VALUES ('1','2018-03-16','1','Pago','Empresa',NULL,'150.00','1','0','2018-10-18 17:31:24','2018-10-18 17:31:24');
INSERT INTO `empresas` VALUES ('1','CORE','20601744750','2017-07-17','2017-07-17','0'), ('2','PAMF - EPS SEDACAJ','20113733641','2017-07-21','2017-07-21','0'), ('3','I.E. Lucero de Jesus','','2017-11-30','2017-11-30','0');
INSERT INTO `ingresos` VALUES ('1','1','2018-08-08 18:23:01','2018-08-08 18:23:01','0'), ('2','2','2018-08-08 18:23:05','2018-08-08 18:23:05','0'), ('3','3','2018-10-23 11:47:04','2018-10-23 11:47:04','0'), ('4','4','2018-10-23 11:47:04','2018-10-23 11:47:04','0'), ('5','5','2018-10-23 11:47:04','2018-10-23 11:47:04','0'), ('6','6','2018-08-08 18:23:01','2018-08-08 18:23:01','0'), ('7','7','2018-10-23 11:47:04','2018-10-23 11:47:04','0'), ('8','8','2018-10-23 11:47:04','2018-10-23 11:47:04','0'), ('9','9','2018-10-23 11:47:04','2018-10-23 11:47:04','0'), ('10','10','2018-08-08 18:23:06','2018-08-08 18:23:06','0'), ('11','11','2018-10-23 11:47:04','2018-10-23 11:47:04','0'), ('12','12','2018-10-23 11:47:04','2018-10-23 11:47:04','0'), ('13','13','2018-10-23 11:47:04','2018-10-23 11:47:04','0'), ('14','14','2018-08-08 18:23:04','2018-08-08 18:23:04','0'), ('15','15','2018-10-23 11:47:04','2018-10-23 11:47:04','0'), ('16','16','2018-10-23 11:47:04','2018-10-23 11:47:04','0'), ('17','17','2018-10-23 11:47:04','2018-10-23 11:47:04','0'), ('18','18','2018-08-08 18:23:02','2018-08-08 18:23:02','0'), ('19','19','2018-08-08 18:23:06','2018-08-08 18:23:06','0'), ('20','20','2018-10-23 11:47:04','2018-10-23 11:47:04','0'), ('21','21','2018-10-23 11:47:04','2018-10-23 11:47:04','0'), ('22','22','2018-08-08 18:23:02','2018-08-08 18:23:02','0'), ('23','23','2018-10-23 11:47:04','2018-10-23 11:47:04','0'), ('24','24','2018-08-08 18:23:07','2018-08-08 18:23:07','0'), ('25','25','2018-08-08 18:23:02','2018-08-08 18:23:02','0'), ('26','26','2018-10-23 11:47:04','2018-10-23 11:47:04','0'), ('27','27','2018-10-23 11:47:04','2018-10-23 11:47:04','0'), ('28','28','2012-09-14 11:40:32','2012-09-14 11:40:32','0'), ('29','29','2018-10-23 11:47:04','2018-10-23 11:47:04','0'), ('30','30','2018-10-23 11:47:04','2018-10-23 11:47:04','0'), ('31','31','2018-10-23 11:47:04','2018-10-23 11:47:04','0'), ('32','32','2018-10-23 11:47:04','2018-10-23 11:47:04','0'), ('33','33','2018-10-23 11:47:04','2018-10-23 11:47:04','0'), ('34','34','2018-10-23 11:47:04','2018-10-23 11:47:04','0'), ('35','35','2018-10-23 11:47:04','2018-10-23 11:47:04','0'), ('36','36','2018-10-23 11:47:04','2018-10-23 11:47:04','0'), ('37','37','2018-10-23 11:47:04','2018-10-23 11:47:04','0'), ('38','38','2018-10-23 11:47:04','2018-10-23 11:47:04','0'), ('39','39','2018-10-23 11:47:04','2018-10-23 11:47:04','0'), ('40','40','2018-10-23 11:47:04','2018-10-23 11:47:04','0'), ('41','41','2018-10-23 11:47:04','2018-10-23 11:47:04','0'), ('42','42','2018-10-23 11:47:04','2018-10-23 11:47:04','0'), ('43','43','2018-08-08 18:22:59','2018-08-08 18:22:59','0'), ('44','44','2018-10-23 11:47:04','2018-10-23 11:47:04','0'), ('45','45','2018-08-08 18:23:01','2018-08-08 18:23:01','0'), ('46','46','2018-10-23 11:47:04','2018-10-23 11:47:04','0'), ('47','47','2018-10-23 11:47:04','2018-10-23 11:47:04','0'), ('48','48','2018-10-23 11:47:04','2018-10-23 11:47:04','0'), ('49','49','2018-10-23 11:47:04','2018-10-23 11:47:04','0'), ('50','50','2018-10-23 11:47:04','2018-10-23 11:47:04','0'), ('51','51','2018-08-08 18:23:03','2018-08-08 18:23:03','0'), ('52','52','2018-09-18 18:45:02','2018-09-18 18:45:02','0'), ('53','53','2018-10-23 11:47:04','2018-10-23 11:47:04','0'), ('54','54','2018-10-23 11:47:04','2018-10-23 11:47:04','0'), ('55','55','2018-10-23 11:47:04','2018-10-23 11:47:04','0'), ('56','56','2018-10-23 11:47:04','2018-10-23 11:47:04','0'), ('57','57','2018-10-23 11:47:04','2018-10-23 11:47:04','0'), ('58','58','2018-08-08 18:23:00','2018-08-08 18:23:00','0'), ('59','59','2018-10-23 11:47:04','2018-10-23 11:47:04','0'), ('60','60','2018-08-08 18:22:59','2018-08-08 18:22:59','0'), ('61','61','2018-10-23 11:47:04','2018-10-23 11:47:04','0'), ('62','62','2018-10-23 11:47:04','2018-10-23 11:47:04','0'), ('63','63','2018-10-23 11:47:04','2018-10-23 11:47:04','0'), ('64','64','2018-10-23 11:47:04','2018-10-23 11:47:04','0'), ('65','65','2018-10-23 11:47:04','2018-10-23 11:47:04','0'), ('66','66','2018-10-23 11:47:04','2018-10-23 11:47:04','0'), ('67','67','2018-10-23 11:47:04','2018-10-23 11:47:04','0'), ('68','68','2018-10-23 11:47:04','2018-10-23 11:47:04','0'), ('69','69','2018-10-23 11:47:04','2018-10-23 11:47:04','0'), ('70','70','2018-10-23 11:47:04','2018-10-23 11:47:04','0'), ('71','71','2018-10-23 11:47:04','2018-10-23 11:47:04','0'), ('72','72','2018-08-08 18:23:04','2018-08-08 18:23:04','0'), ('73','73','2018-10-23 11:47:04','2018-10-23 11:47:04','0'), ('74','74','2018-10-23 11:47:04','2018-10-23 11:47:04','0'), ('75','75','2018-10-23 11:47:04','2018-10-23 11:47:04','0'), ('76','76','2018-08-08 18:23:04','2018-08-08 18:23:04','0'), ('77','77','2018-08-08 18:23:05','2018-08-08 18:23:05','0'), ('78','78','2018-10-23 11:47:04','2018-10-23 11:47:04','0'), ('79','79','2018-10-23 11:47:04','2018-10-23 11:47:04','0'), ('80','80','2018-10-23 11:47:04','2018-10-23 11:47:04','0'), ('81','81','2018-10-23 11:47:04','2018-10-23 11:47:04','0'), ('82','82','2018-10-23 11:47:04','2018-10-23 11:47:04','0'), ('83','83','2018-08-08 18:22:59','2018-08-08 18:22:59','0'), ('84','84','2018-10-23 11:47:04','2018-10-23 11:47:04','0'), ('85','86','2018-08-08 18:23:03','2018-08-08 18:23:03','0'), ('86','87','2018-08-08 18:22:59','2018-08-08 18:22:59','0'), ('87','88','2018-10-23 11:47:04','2018-10-23 11:47:04','0'), ('88','89','2018-10-23 11:47:04','2018-10-23 11:47:04','0'), ('89','90','2018-10-23 11:47:04','2018-10-23 11:47:04','0'), ('90','91','2018-10-23 11:47:04','2018-10-23 11:47:04','0'), ('91','92','2018-08-08 18:23:01','2018-08-08 18:23:01','0'), ('92','93','2018-08-08 18:23:01','2018-08-08 18:23:01','0'), ('93','94','2018-10-23 11:47:04','2018-10-23 11:47:04','0'), ('94','95','2018-10-23 11:47:04','2018-10-23 11:47:04','0'), ('95','96','2018-08-08 18:23:02','2018-08-08 18:23:02','0'), ('96','97','2018-10-23 11:47:04','2018-10-23 11:47:04','0'), ('97','98','2018-08-08 18:23:00','2018-08-08 18:23:00','0'), ('98','99','2018-08-08 18:23:03','2018-08-08 18:23:03','0'), ('99','100','2018-10-23 11:47:04','2018-10-23 11:47:04','0'), ('100','101','2018-08-31 20:40:11','2018-08-31 20:40:11','0');
INSERT INTO `ingresos` VALUES ('101','102','2018-08-31 17:36:59','2018-08-31 17:36:59','0'), ('102','103','2018-10-23 11:47:04','2018-10-23 11:47:04','0'), ('103','104','2018-08-08 18:22:59','2018-08-08 18:22:59','0'), ('104','105','2018-08-08 18:23:00','2018-08-08 18:23:00','0'), ('105','106','2018-10-23 11:47:04','2018-10-23 11:47:04','0'), ('106','107','2018-09-20 17:25:49','2018-09-20 17:25:49','0'), ('107','108','2018-08-08 18:22:59','2018-08-08 18:22:59','0'), ('108','109','2018-08-08 18:23:03','2018-08-08 18:23:03','0'), ('109','110','2018-10-23 11:47:04','2018-10-23 11:47:04','0'), ('110','111','2018-10-23 11:47:04','2018-10-23 11:47:04','0'), ('111','112','2018-08-08 18:23:02','2018-08-08 18:23:02','0'), ('112','113','2018-08-08 18:22:59','2018-08-08 18:22:59','0'), ('113','114','2018-10-23 11:47:04','2018-10-23 11:47:04','0'), ('114','115','2018-08-08 18:23:03','2018-08-08 18:23:03','0'), ('115','116','2018-10-23 11:47:04','2018-10-23 11:47:04','0'), ('116','117','2018-10-23 11:47:04','2018-10-23 11:47:04','0'), ('117','118','2018-10-23 11:47:04','2018-10-23 11:47:04','0'), ('118','119','2018-08-08 18:23:00','2018-08-08 18:23:00','0'), ('119','120','2018-08-08 18:22:59','2018-08-08 18:22:59','0'), ('120','121','2018-08-08 18:22:59','2018-08-08 18:22:59','0'), ('121','122','2018-10-23 11:47:04','2018-10-23 11:47:04','0'), ('122','123','2018-08-28 19:53:57','2018-08-28 19:53:57','0'), ('123','124','2018-10-23 11:47:04','2018-10-23 11:47:04','0'), ('124','125','2018-10-23 11:47:04','2018-10-23 11:47:04','0'), ('125','126','2018-10-23 11:47:04','2018-10-23 11:47:04','0'), ('126','127','2018-10-23 11:47:04','2018-10-23 11:47:04','0'), ('127','128','2018-08-08 18:22:59','2018-08-08 18:22:59','0'), ('128','129','2018-08-08 18:23:00','2018-08-08 18:23:00','0'), ('129','130','2018-10-23 11:47:04','2018-10-23 11:47:04','0'), ('130','131','2018-08-08 18:22:59','2018-08-08 18:22:59','0'), ('131','132','2018-08-08 18:22:59','2018-08-08 18:22:59','0'), ('132','133','2018-08-08 18:22:59','2018-08-08 18:22:59','0'), ('133','134','2018-08-08 18:22:59','2018-08-08 18:22:59','0'), ('134','135','2018-08-08 18:23:00','2018-08-08 18:23:00','0'), ('135','136','2018-08-08 18:23:00','2018-08-08 18:23:00','0'), ('136','137','2018-08-08 18:23:00','2018-08-08 18:23:00','0'), ('137','138','2018-08-08 18:23:00','2018-08-08 18:23:00','0'), ('138','139','2018-08-08 18:23:00','2018-08-08 18:23:00','0'), ('139','140','2018-10-23 11:47:04','2018-10-23 11:47:04','0'), ('140','141','2018-08-08 18:23:01','2018-08-08 18:23:01','0'), ('141','142','2018-08-08 18:23:04','2018-08-08 18:23:04','0'), ('142','143','2018-10-23 11:47:04','2018-10-23 11:47:04','0'), ('143','144','2018-08-08 18:23:01','2018-08-08 18:23:01','0'), ('144','145','2018-08-08 18:23:01','2018-08-08 18:23:01','0'), ('145','146','2018-08-08 18:23:01','2018-08-08 18:23:01','0'), ('146','147','2018-08-08 18:23:01','2018-08-08 18:23:01','0'), ('147','148','2018-08-08 18:23:01','2018-08-08 18:23:01','0'), ('148','149','2018-10-23 11:47:04','2018-10-23 11:47:04','0'), ('149','150','2018-08-08 18:23:01','2018-08-08 18:23:01','0'), ('150','151','2018-08-08 18:23:02','2018-08-08 18:23:02','0'), ('151','152','2018-08-08 18:23:02','2018-08-08 18:23:02','0'), ('152','153','2018-08-08 18:23:02','2018-08-08 18:23:02','0'), ('153','154','2018-08-08 18:23:02','2018-08-08 18:23:02','0'), ('154','155','2018-08-08 18:23:02','2018-08-08 18:23:02','0'), ('155','156','2018-08-08 18:23:02','2018-08-08 18:23:02','0'), ('156','157','2018-08-08 18:23:02','2018-08-08 18:23:02','0'), ('157','158','2018-08-08 18:23:02','2018-08-08 18:23:02','0'), ('158','159','2018-08-08 18:23:02','2018-08-08 18:23:02','0'), ('159','160','2018-08-08 18:23:02','2018-08-08 18:23:02','0'), ('160','161','2018-08-08 18:23:03','2018-08-08 18:23:03','0'), ('161','162','2018-08-08 18:23:03','2018-08-08 18:23:03','0'), ('162','163','2018-08-08 18:23:03','2018-08-08 18:23:03','0'), ('163','164','2018-10-23 11:47:04','2018-10-23 11:47:04','0'), ('164','165','2018-08-08 18:23:03','2018-08-08 18:23:03','0'), ('165','166','2018-08-08 18:23:03','2018-08-08 18:23:03','0'), ('166','167','2018-08-08 18:23:03','2018-08-08 18:23:03','0'), ('167','168','2018-08-08 18:23:03','2018-08-08 18:23:03','0'), ('168','169','2018-08-08 18:23:03','2018-08-08 18:23:03','0'), ('169','170','2018-09-05 11:53:19','2018-09-05 11:53:19','0'), ('170','171','2018-08-08 18:23:04','2018-08-08 18:23:04','0'), ('171','172','2018-08-08 18:23:04','2018-08-08 18:23:04','0'), ('172','173','2018-08-08 18:23:04','2018-08-08 18:23:04','0'), ('173','174','2018-08-08 18:23:04','2018-08-08 18:23:04','0'), ('174','175','2018-08-08 18:23:04','2018-08-08 18:23:04','0'), ('175','176','2018-08-08 18:23:04','2018-08-08 18:23:04','0'), ('176','177','2018-08-08 18:23:05','2018-08-08 18:23:05','0'), ('177','178','2018-08-08 18:23:05','2018-08-08 18:23:05','0'), ('178','179','2018-08-08 18:23:05','2018-08-08 18:23:05','0'), ('179','180','2018-08-08 18:23:05','2018-08-08 18:23:05','0'), ('180','181','2018-10-23 11:47:04','2018-10-23 11:47:04','0'), ('181','182','2018-10-23 11:47:04','2018-10-23 11:47:04','0'), ('182','183','2018-08-08 18:23:05','2018-08-08 18:23:05','0'), ('183','184','2018-08-08 18:23:05','2018-08-08 18:23:05','0'), ('184','185','2018-10-23 11:47:04','2018-10-23 11:47:04','0'), ('185','186','2018-08-08 18:23:05','2018-08-08 18:23:05','0'), ('186','187','2018-08-08 18:23:05','2018-08-08 18:23:05','0'), ('187','188','2018-08-08 18:23:05','2018-08-08 18:23:05','0'), ('188','189','2018-10-23 11:47:04','2018-10-23 11:47:04','0'), ('189','190','2018-08-08 18:23:05','2018-08-08 18:23:05','0'), ('190','191','2018-08-08 18:23:05','2018-08-08 18:23:05','0'), ('191','192','2018-08-08 18:23:05','2018-08-08 18:23:05','0'), ('192','193','2018-08-08 18:23:05','2018-08-08 18:23:05','0'), ('193','194','2018-08-08 18:23:06','2018-08-08 18:23:06','0'), ('194','195','2018-08-08 18:23:06','2018-08-08 18:23:06','0'), ('195','196','2018-08-08 18:23:06','2018-08-08 18:23:06','0'), ('196','197','2018-08-08 18:23:06','2018-08-08 18:23:06','0'), ('197','198','2018-08-08 18:23:06','2018-08-08 18:23:06','0'), ('198','199','2018-08-08 18:23:06','2018-08-08 18:23:06','0'), ('199','200','2018-08-08 18:23:06','2018-08-08 18:23:06','0'), ('200','201','2018-08-08 18:23:06','2018-08-08 18:23:06','0');
INSERT INTO `ingresos` VALUES ('201','202','2018-10-23 11:47:04','2018-10-23 11:47:04','0'), ('202','203','2018-08-08 18:23:07','2018-08-08 18:23:07','0'), ('203','204','2018-08-08 18:23:07','2018-08-08 18:23:07','0'), ('204','205','2018-08-08 18:23:07','2018-08-08 18:23:07','0'), ('205','206','2018-08-08 18:23:07','2018-08-08 18:23:07','0'), ('206','207','2018-08-08 18:23:07','2018-08-08 18:23:07','0'), ('207','208','2018-08-08 18:23:07','2018-08-08 18:23:07','0'), ('208','209','2018-08-14 18:08:32','2018-08-14 18:08:32','0'), ('209','210','2018-10-23 11:47:04','2018-10-23 11:47:04','0'), ('210','211','2018-08-17 19:32:01','2018-08-17 19:32:01','0'), ('211','212','2018-10-23 11:47:04','2018-10-23 11:47:04','0'), ('212','213','2018-08-27 20:01:20','2018-08-27 20:01:20','0'), ('213','214','2018-08-22 19:02:28','2018-08-22 19:02:28','0'), ('214','215','2018-10-23 11:47:04','2018-10-23 11:47:04','0'), ('215','216','2018-08-24 18:22:44','2018-08-24 18:22:44','0'), ('216','217','2018-10-23 11:47:04','2018-10-23 11:47:04','0'), ('217','218','2018-10-23 11:47:04','2018-10-23 11:47:04','0'), ('218','219','2018-10-23 11:47:04','2018-10-23 11:47:04','0'), ('219','220','2018-09-04 13:11:09','2018-09-04 13:11:09','0'), ('220','221','2018-09-18 18:48:01','2018-09-18 18:48:01','0'), ('221','222','2018-09-14 19:58:10','2018-09-14 19:58:10','0'), ('222','223','2018-09-17 19:46:20','2018-09-17 19:46:20','0'), ('223','224','2018-09-24 18:51:41','2018-09-24 18:51:41','0'), ('224','225','2018-10-23 11:47:04','2018-10-23 11:47:04','0'), ('225','226','2018-10-05 17:52:13','2018-10-05 17:52:13','0'), ('226','227','2018-10-02 17:39:32','2018-10-02 17:39:32','0'), ('227','228','2018-10-10 18:24:59','2018-10-10 18:24:59','0'), ('228','229','2018-10-10 19:12:56','2018-10-10 19:12:56','0'), ('229','230','2018-10-16 11:03:57','2018-10-16 11:03:57','0'), ('230','231','2018-10-19 17:57:42','2018-10-19 17:57:42','0');
INSERT INTO `ingresos_detalle` VALUES ('1','136','260','1','60.00','2017-12-19','1'), ('2','137','113','1','30.00','2017-12-20','2'), ('3','118','11','1','40.00','2017-12-20','1'), ('4','134','11','1','40.00','2017-12-20','2'), ('5','134','51','1','55.00','2017-12-20','2'), ('6','132','21','1','35.00','2017-12-21','1'), ('7','120','10','1','40.00','2017-12-22','1'), ('8','118','11','2','40.00','2017-12-22','1'), ('9','132','1','7','40.00','2017-12-21','1'), ('10','58','13','6','100.00','2017-12-21','1'), ('11','118','51','2','55.00','2017-12-20','1'), ('12','135','57','1','50.00','2017-12-23','2'), ('13','135','61','1','75.00','2017-12-23','2'), ('14','134','85','2','75.00','2017-12-23','2'), ('15','103','137','1','560.00','2017-12-23','1'), ('16','137','63','1','40.00','2017-12-23','2'), ('17','138','113','1','30.00','2017-12-23','2'), ('18','118','11','2','40.00','2017-12-26','1'), ('19','137','123','14','10.00','2017-12-28','2'), ('20','118','81','1','120.00','2017-12-27','1'), ('21','118','81','1','180.00','2017-12-28','1'), ('22','86','354','1','155.00','2017-12-28','2'), ('23','45','354','1','90.00','2017-12-28','1'), ('24','135','111','1','20.00','2017-12-28','2'), ('25','140','57','1','50.00','2017-12-28','1'), ('26','140','63','1','40.00','2017-12-28','1'), ('27','140','61','1','50.00','2017-12-28','1'), ('28','92','112','1','15.00','2017-12-30','1'), ('29','135','354','1','100.00','2017-12-30','2'), ('30','137','57','1','50.00','2018-01-04','2'), ('31','137','61','1','75.00','2018-01-04','2'), ('32','133','69','6','30.00','2018-01-04','1'), ('33','143','113','1','30.00','2018-01-05','1'), ('34','143','57','1','50.00','2018-01-05','1'), ('35','143','63','1','40.00','2018-01-05','1'), ('36','143','61','1','60.00','2018-01-05','1'), ('37','91','51','1','55.00','2018-01-05','1'), ('38','144','113','1','30.00','2018-01-05','1'), ('39','144','111','1','20.00','2018-01-05','1'), ('40','144','57','1','50.00','2018-01-06','1'), ('41','144','67','1','80.00','2018-01-06','1'), ('42','144','61','1','75.00','2018-01-06','1'), ('43','60','139','1','150.00','2018-01-12','1'), ('44','144','354','1','200.00','2018-01-12','1'), ('45','135','354','1','100.00','2018-01-15','2'), ('46','146','113','1','30.00','2018-01-15','2'), ('47','145','354','1','535.00','2018-01-15','2'), ('48','144','23','1','70.00','2018-01-15','1'), ('49','144','354','1','30.00','2018-01-15','1'), ('50','138','111','3','20.00','2018-01-16','2'), ('51','118','51','1','55.00','2018-01-16','1'), ('52','138','23','1','70.00','2018-01-17','1'), ('53','147','113','1','30.00','2018-01-17','2'), ('54','145','157','1','30.00','2018-01-16','2'), ('55','6','354','1','350.00','2018-01-18','2'), ('56','145','9','6','40.00','2018-01-19','2'), ('57','149','113','1','30.00','2018-01-19','1'), ('58','138','171','1','270.00','2018-01-19','1'), ('59','1','354','1','85.00','2018-01-19','2'), ('60','1','354','1','25.00','2018-01-22','2'), ('61','144','53','1','70.00','2018-01-22','1'), ('62','135','354','1','90.00','2018-01-23','2'), ('63','144','354','1','85.00','2018-01-23','1'), ('64','151','354','1','300.00','2018-01-24','1'), ('65','138','111','1','20.00','2018-01-24','1'), ('66','152','113','1','30.00','2018-01-25','1'), ('67','152','111','1','20.00','2018-01-25','1'), ('68','103','139','1','150.00','2018-01-26','1'), ('69','155','113','1','30.00','2018-01-26','1'), ('70','151','354','1','200.00','2018-01-26','1'), ('71','133','69','1','350.00','2018-01-26','1'), ('72','135','11','1','40.00','2018-01-30','2'), ('73','22','354','1','570.00','2018-01-30','1'), ('74','119','354','1','175.00','2018-02-01','2'), ('75','156','354','1','100.00','2018-02-01','1'), ('76','135','11','2','40.00','2018-02-01','2'), ('77','157','113','1','30.00','2018-02-02','1'), ('78','156','354','1','260.00','2018-02-02','1'), ('79','152','21','1','35.00','2018-02-03','1'), ('80','135','354','1','110.00','2018-02-03','2'), ('81','18','187','2','35.00','2018-02-05','1'), ('82','25','354','1','200.00','2018-02-04','1'), ('83','22','354','1','20.00','2018-02-05','1'), ('84','156','354','1','400.00','2018-02-05','1'), ('85','158','113','1','30.00','2018-02-07','1'), ('86','159','113','1','30.00','2018-02-07','1'), ('87','120','355','1','310.00','2018-02-07','1'), ('88','144','11','1','40.00','2018-02-14','1'), ('89','95','11','1','40.00','2018-02-14','1'), ('90','135','354','1','120.00','2018-02-16','2'), ('91','103','360','2','10.00','2018-02-16','1'), ('92','97','355','1','40.00','2018-02-17','2'), ('93','152','351','1','150.00','2018-02-20','1'), ('94','135','354','1','40.00','2018-02-21','2'), ('95','1','354','1','15.00','2018-02-21','2'), ('96','144','53','1','70.00','2018-02-21','1'), ('97','144','155','1','30.00','2018-02-21','1'), ('98','111','354','1','150.00','2018-02-22','1'), ('99','6','354','1','190.00','2018-02-23','2'), ('100','97','12','2','35.00','2018-02-23','2');
INSERT INTO `ingresos_detalle` VALUES ('101','150','355','1','135.00','2018-02-26','2'), ('102','153','355','1','480.00','2018-02-26','1'), ('103','153','120','1','30.00','2018-02-26','1'), ('104','154','355','1','500.00','2018-02-26','1'), ('105','137','11','1','40.00','2018-02-27','2'), ('106','137','354','1','50.00','2018-03-02','2'), ('107','160','354','1','240.00','2018-03-01','1'), ('108','161','113','1','30.00','2018-03-05','1'), ('109','51','354','1','100.00','2018-03-05','1'), ('110','103','360','1','10.00','2018-03-05','1'), ('111','1','191','1','30.00','2018-03-06','1'), ('112','160','113','1','30.00','2018-02-28','1'), ('113','159','137','1','506.00','2018-02-28','1'), ('114','159','1','3','40.00','2018-02-28','1'), ('115','153','120','1','30.00','2018-02-28','1'), ('116','103','139','1','150.00','2018-03-06','1'), ('117','114','354','1','200.00','2018-03-06','1'), ('118','151','354','1','200.00','2018-03-06','1'), ('119','160','354','1','330.00','2018-03-06','1'), ('120','60','139','1','150.00','2018-03-06','1'), ('121','60','360','2','10.00','2018-03-06','1'), ('122','97','355','1','50.00','2018-03-08','2'), ('123','164','113','1','30.00','2018-03-08','2'), ('124','98','354','1','350.00','2018-03-10','3'), ('125','85','354','1','50.00','2018-03-10','3'), ('126','144','51','1','55.00','2018-03-12','1'), ('127','165','57','1','50.00','2018-03-12','2'), ('128','165','61','1','75.00','2018-03-12','2'), ('129','164','63','1','40.00','2018-03-12','2'), ('130','164','57','1','50.00','2018-03-12','2'), ('131','164','111','2','20.00','2018-03-12','2'), ('132','164','123','13','10.00','2018-03-12','2'), ('133','164','61','1','75.00','2018-03-12','2'), ('134','166','113','1','30.00','2018-03-12','2'), ('135','166','57','1','50.00','2018-03-12','2'), ('136','166','61','1','75.00','2018-03-12','2'), ('137','137','354','1','45.00','2018-03-13','2'), ('138','135','354','1','100.00','2018-03-13','2'), ('139','165','111','3','20.00','2018-03-09','1'), ('140','165','51','2','55.00','2018-03-12','1'), ('141','165','119','1','30.00','2018-03-12','1'), ('142','135','354','1','60.00','2018-03-14','2'), ('143','144','11','2','40.00','2018-03-14','1'), ('144','162','113','1','30.00','2018-03-15','1'), ('145','166','55','2','20.00','2018-03-15','2'), ('146','167','51','1','55.00','2018-03-16','2'), ('147','98','354','1','100.00','2018-03-16','3'), ('148','108','11','1','40.00','2018-03-16','1'), ('149','144','51','1','55.00','2018-03-19','1'), ('150','135','51','1','55.00','2018-03-20','2'), ('151','166','11','1','40.00','2018-03-20','2'), ('152','167','354','1','105.00','2018-03-21','2'), ('153','168','113','1','30.00','2018-03-21','1'), ('154','170','57','1','50.00','2018-03-24','1'), ('155','170','61','1','75.00','2018-03-24','1'), ('156','170','129','1','450.00','2018-03-26','1'), ('157','103','139','1','150.00','2018-03-26','1'), ('158','164','354','1','975.00','2018-03-24','2'), ('159','147','354','1','105.00','2018-03-29','2'), ('160','151','354','1','200.00','2018-04-03','1'), ('161','170','119','1','30.00','2018-04-05','1'), ('162','170','189','1','70.00','2018-04-05','1'), ('163','137','7','1','40.00','2018-04-05','2'), ('164','135','354','1','60.00','2018-04-05','2'), ('165','114','354','1','150.00','2018-04-03','1'), ('166','161','139','1','150.00','2018-04-05','1'), ('167','166','354','1','200.00','2018-04-06','2'), ('168','76','355','1','50.00','2018-04-11','2'), ('169','104','354','1','90.00','2018-04-11','1'), ('170','104','354','1','150.00','2018-04-11','1'), ('171','170','125','1','280.00','2018-04-11','1'), ('172','172','113','1','30.00','2018-04-12','1'), ('173','172','153','2','15.00','2018-04-12','1'), ('174','147','354','1','80.00','2018-04-12','2'), ('175','135','354','1','50.00','2018-04-13','2'), ('176','137','11','1','40.00','2018-04-17','2'), ('177','170','119','1','30.00','2018-04-17','1'), ('178','170','354','1','220.00','2018-04-17','2'), ('179','114','354','1','450.00','2018-04-17','1'), ('180','170','354','1','150.00','2018-04-18','2'), ('181','173','113','1','30.00','2018-04-21','1'), ('182','133','69','8','30.00','2018-04-21','1'), ('183','170','354','1','220.00','2018-04-23','2'), ('184','174','354','1','50.00','2018-04-26','1'), ('185','171','354','1','100.00','2018-04-26','2'), ('186','159','139','2','150.00','2018-04-28','1'), ('187','170','117','1','270.00','2018-05-01','1'), ('188','174','354','1','65.00','2018-05-02','1'), ('189','72','1','2','40.00','2018-05-03','1'), ('190','72','53','1','80.00','2018-05-03','1'), ('191','14','53','2','75.00','2018-05-04','1'), ('192','174','354','1','200.00','2018-05-04','1'), ('193','147','354','1','150.00','2018-05-04','2'), ('194','97','54','1','65.00','2018-05-04','2'), ('195','159','360','2','10.00','2018-05-05','1'), ('196','98','25','1','150.00','2018-05-06','3'), ('197','72','29','1','240.00','2018-05-10','1'), ('198','175','113','1','30.00','2018-05-10','1'), ('199','175','39','1','170.00','2018-05-10','1'), ('200','175','105','1','25.00','2018-05-10','1');
INSERT INTO `ingresos_detalle` VALUES ('201','175','111','1','20.00','2018-05-10','1'), ('202','141','354','1','205.00','2018-05-10','1'), ('203','97','355','1','85.00','2018-05-10','2'), ('204','103','354','1','100.00','2018-05-14','1'), ('205','176','113','1','30.00','2018-05-14','2'), ('206','176','354','1','175.00','2018-05-15','2'), ('207','177','113','1','30.00','2018-05-15','2'), ('208','176','354','1','135.00','2018-05-16','2'), ('209','151','354','1','200.00','2018-05-18','1'), ('210','178','113','1','30.00','2018-05-22','2'), ('211','178','153','2','15.00','2018-05-22','2'), ('212','179','354','1','200.00','2018-05-22','1'), ('213','135','354','1','200.00','2018-05-22','2'), ('214','182','113','1','30.00','2018-05-24','1'), ('215','174','354','1','400.00','2018-05-24','1'), ('216','2','1','1','45.00','2018-05-25','1'), ('217','77','67','1','80.00','2018-05-28','1'), ('218','77','61','1','75.00','2018-05-28','1'), ('219','98','137','1','600.00','2018-05-28','1'), ('220','98','119','1','30.00','2018-05-29','1'), ('221','178','354','1','500.00','2018-05-29','1'), ('222','183','113','1','30.00','2018-05-29','2'), ('223','77','57','1','50.00','2018-05-30','1'), ('224','25','354','1','100.00','2018-06-01','1'), ('225','185','113','1','30.00','2018-06-02','1'), ('226','179','354','1','200.00','2018-06-04','1'), ('227','171','354','1','150.00','2018-06-04','2'), ('228','186','113','1','30.00','2018-06-05','1'), ('229','187','113','1','30.00','2018-06-06','1'), ('230','103','354','1','210.00','2018-06-06','1'), ('231','179','354','1','205.00','2018-06-08','1'), ('232','103','354','1','50.00','2018-06-11','1'), ('233','155','354','1','240.00','2018-06-12','1'), ('234','189','113','1','30.00','2018-06-14','1'), ('235','189','21','1','35.00','2018-06-14','1'), ('236','189','354','1','35.00','2018-06-15','1'), ('237','155','9','5','40.00','2018-06-15','1'), ('238','155','354','1','200.00','2018-06-18','1'), ('239','1','354','1','50.00','2018-06-18','1'), ('240','189','354','1','100.00','2018-06-18','1'), ('241','144','9','2','40.00','2018-06-18','1'), ('242','191','113','1','30.00','2018-06-18','2'), ('243','192','354','1','300.00','2018-06-18','1'), ('244','190','65','1','60.00','2018-06-19','2'), ('245','190','57','1','50.00','2018-06-19','2'), ('246','190','61','1','75.00','2018-06-19','2'), ('247','190','354','1','115.00','2018-06-19','1'), ('248','155','51','2','60.00','2018-06-19','1'), ('249','155','29','1','30.00','2018-06-19','1'), ('250','193','113','1','30.00','2018-06-20','1'), ('251','193','111','1','20.00','2018-06-20','1'), ('252','193','27','1','50.00','2018-06-20','1'), ('253','155','354','1','55.00','2018-06-21','1'), ('254','194','113','1','30.00','2018-06-22','2'), ('255','195','113','1','30.00','2018-06-22','2'), ('256','196','113','1','30.00','2018-06-22','2'), ('257','174','91','1','100.00','2018-06-22','1'), ('258','197','113','1','30.00','2018-06-22','2'), ('259','197','11','1','45.00','2018-06-22','1'), ('260','179','354','1','310.00','2018-06-23','1'), ('261','175','53','1','75.00','2018-06-23','1'), ('262','175','51','1','60.00','2018-06-23','1'), ('263','195','351','1','150.00','2018-06-25','2'), ('264','195','111','1','20.00','2018-06-25','2'), ('265','197','55','2','20.00','2018-06-25','2'), ('266','195','53','1','75.00','2018-06-26','2'), ('267','155','43','1','150.00','2018-06-26','1'), ('268','155','51','1','50.00','2018-06-26','1'), ('269','189','372','1','50.00','2018-06-27','1'), ('270','195','51','1','60.00','2018-06-27','2'), ('271','72','53','1','75.00','2018-06-27','1'), ('272','198','11','2','45.00','2018-06-27','1'), ('273','198','113','1','30.00','2018-06-27','1'), ('274','175','1','2','45.00','2018-06-27','1'), ('275','193','27','1','120.00','2018-06-27','1'), ('276','193','53','2','75.00','2018-06-27','2'), ('277','195','11','2','45.00','2018-06-28','2'), ('278','159','139','2','150.00','2018-06-29','1'), ('279','159','360','1','10.00','2018-06-29','1'), ('280','196','53','4','75.00','2018-07-02','1'), ('281','196','51','3','60.00','2018-07-02','1'), ('282','196','354','1','20.00','2018-07-02','1'), ('283','103','139','1','150.00','2018-07-02','1'), ('284','98','139','1','150.00','2018-07-03','1'), ('285','196','107','1','150.00','2018-07-02','2'), ('286','155','19','1','500.00','2018-07-04','1'), ('287','10','354','1','100.00','2018-07-05','1'), ('288','72','53','1','175.00','2018-07-05','1'), ('289','175','11','1','140.00','2018-07-05','1'), ('290','72','53','1','78.50','2018-07-06','1'), ('291','72','119','1','31.50','2018-07-06','1'), ('292','199','113','1','30.00','2018-07-09','1'), ('293','155','19','1','200.00','2018-07-09','1'), ('294','200','113','1','30.00','2018-07-09','1'), ('295','189','354','1','70.00','2018-07-11','1'), ('296','200','65','1','60.00','2018-07-11','2'), ('297','200','57','1','50.00','2018-07-11','2'), ('298','200','51','2','60.00','2018-07-11','2'), ('299','200','3','1','45.00','2018-07-11','2'), ('300','200','87','1','90.00','2018-07-11','2');
INSERT INTO `ingresos_detalle` VALUES ('301','19','25','1','200.00','2018-07-13','1'), ('302','19','210','1','20.00','2018-07-13','2'), ('303','194','67','1','80.00','2018-07-14','2'), ('304','194','111','1','20.00','2018-07-14','2'), ('305','1','51','2','50.00','2018-07-16','2'), ('306','194','53','1','75.00','2018-07-16','2'), ('307','194','157','1','30.00','2018-07-16','2'), ('308','199','63','1','40.00','2018-07-16','1'), ('309','199','57','1','50.00','2018-07-16','1'), ('310','199','61','1','75.00','2018-07-16','1'), ('311','178','354','1','465.00','2018-07-16','1'), ('312','194','354','1','35.00','2018-07-17','2'), ('313','155','19','1','140.00','2018-07-11','1'), ('314','155','354','1','235.00','2018-07-18','1'), ('315','202','113','1','30.00','2018-07-18','1'), ('316','202','153','1','30.00','2018-07-18','1'), ('317','189','29','1','200.00','2018-07-18','1'), ('318','133','31','1','290.00','2018-07-18','1'), ('319','185','354','1','40.00','2018-07-19','1'), ('320','203','113','1','30.00','2018-07-20','2'), ('321','195','51','1','60.00','2018-07-20','2'), ('322','195','7','1','45.00','2018-07-20','2'), ('323','194','57','1','50.00','2018-07-20','2'), ('324','194','63','1','45.00','2018-07-20','2'), ('325','200','11','2','45.00','2018-07-23','2'), ('326','200','51','1','60.00','2018-07-23','2'), ('327','203','111','1','20.00','2018-07-23','2'), ('328','204','113','1','30.00','2018-07-23','1'), ('329','204','111','1','20.00','2018-07-23','1'), ('330','204','57','1','50.00','2018-07-23','1'), ('331','204','61','1','75.00','2018-07-23','1'), ('332','204','37','1','120.00','2018-07-23','1'), ('333','204','53','1','75.00','2018-07-23','1'), ('334','204','21','1','35.00','2018-07-23','2'), ('335','194','11','2','45.00','2018-07-24','2'), ('336','189','354','1','100.00','2018-07-25','1'), ('337','206','57','1','50.00','2018-07-25','2'), ('338','206','61','1','60.00','2018-07-25','2'), ('339','194','11','2','45.00','2018-07-25','2'), ('340','51','53','1','75.00','2018-07-26','1'), ('341','195','61','1','75.00','2018-07-26','2'), ('342','195','57','1','50.00','2018-07-26','2'), ('343','10','354','1','200.00','2018-07-27','1'), ('344','133','43','1','150.00','2018-07-27','1'), ('345','203','157','1','30.00','2018-07-27','2'), ('346','203','53','1','70.00','2018-07-27','2'), ('347','159','139','1','150.00','2018-07-30','1'), ('348','189','43','1','150.00','2018-07-30','1'), ('349','189','51','1','50.00','2018-07-30','1'), ('350','205','157','1','30.00','2018-07-30','2'), ('351','205','85','1','75.00','2018-07-30','1'), ('352','204','11','1','40.00','2018-08-31','1'), ('353','205','65','1','60.00','2018-08-01','2'), ('354','205','57','1','50.00','2018-08-01','2'), ('355','205','59','1','45.00','2018-08-01','2'), ('356','207','113','1','30.00','2018-08-01','1'), ('357','190','165','1','999.00','2018-08-01','1'), ('358','174','354','1','50.00','2018-08-01','1'), ('359','189','354','1','300.00','2018-08-01','1'), ('360','24','11','1','45.00','2018-08-02','1'), ('361','204','55','2','20.00','2018-08-04','1'), ('362','98','139','1','150.00','2018-08-06','1'), ('363','207','57','1','50.00','2018-08-06','1'), ('364','207','63','1','40.00','2018-08-06','1'), ('365','207','61','1','75.00','2018-08-06','1'), ('366','25','354','1','675.00','2018-08-08','1'), ('367','208','113','1','30.00','2018-08-13','1'), ('368','166','119','1','30.00','2018-08-14','2'), ('369','166','354','1','970.00','2018-08-14','1'), ('370','204','53','1','75.00','2018-08-14','1'), ('371','210','113','1','30.00','2018-08-17','1'), ('372','207','1','1','45.00','2018-08-17','1'), ('373','85','119','1','30.00','2018-08-17','1'), ('374','85','206','1','20.00','2018-08-17','1'), ('375','152','351','1','150.00','2018-08-18','1'), ('376','135','57','1','60.00','2018-08-18','1'), ('377','210','63','1','40.00','2018-08-20','1'), ('378','135','123','1','10.00','2018-08-21','2'), ('379','189','354','1','10.00','2018-08-21','2'), ('380','190','354','1','10.00','2018-08-21','2'), ('381','152','51','1','55.00','2018-08-21','1'), ('382','152','1','1','45.00','2018-08-21','1'), ('383','108','57','1','50.00','2018-08-21','1'), ('384','108','63','1','40.00','2018-08-21','1'), ('385','108','59','1','45.00','2018-08-21','1'), ('386','108','9','1','65.00','2018-08-21','1'), ('387','208','57','1','50.00','2018-08-22','1'), ('388','208','61','1','75.00','2018-08-22','1'), ('389','213','113','1','30.00','2018-08-22','2'), ('390','213','354','1','70.00','2018-08-22','2'), ('391','133','15','1','200.00','2018-08-23','1'), ('392','108','9','3','40.00','2018-08-24','1'), ('393','108','9','1','15.00','2018-08-24','1'), ('394','189','163','1','400.00','2018-08-24','1'), ('395','215','113','1','30.00','2018-08-24','2'), ('396','215','153','4','15.00','2018-08-24','2'), ('397','95','57','1','50.00','2018-08-25','1'), ('398','95','59','1','45.00','2018-08-25','1'), ('399','212','378','1','50.00','2018-08-27','1'), ('400','45','21','2','35.00','2018-08-28','1');
INSERT INTO `ingresos_detalle` VALUES ('401','45','1','1','30.00','2018-08-28','1'), ('402','166','1','1','40.00','2018-08-27','2'), ('403','215','57','1','50.00','2018-08-28','2'), ('404','215','61','1','75.00','2018-08-28','2'), ('405','213','57','1','50.00','2018-08-28','2'), ('406','122','59','1','45.00','2018-08-28','1'), ('407','101','61','2','75.00','2018-08-31','2'), ('408','101','57','1','50.00','2018-08-31','2'), ('409','100','57','1','50.00','2018-08-31','2'), ('410','100','61','1','75.00','2018-08-31','2'), ('411','215','39','1','170.00','2018-09-01','2'), ('412','219','1','1','45.00','2018-09-04','1'), ('413','215','39','1','100.00','2018-09-04','2'), ('414','169','1','1','45.00','2018-09-05','1'), ('415','169','23','1','70.00','2018-09-05','1'), ('416','169','155','2','30.00','2018-09-05','1'), ('417','169','354','1','25.00','2018-09-05','1'), ('418','219','57','1','50.00','2018-09-05','1'), ('419','219','61','1','75.00','2018-09-05','1'), ('420','98','139','1','150.00','2018-09-07','1'), ('421','98','342','1','50.00','2018-09-07','1'), ('422','45','91','1','320.00','2018-09-07','1'), ('423','45','91','1','320.00','2018-09-07','1'), ('424','208','11','1','45.00','2012-09-12','1'), ('425','189','95','1','225.00','2012-09-12','1'), ('426','215','39','1','20.00','2012-09-08','2'), ('427','215','157','1','30.00','2012-09-11','2'), ('428','215','21','1','35.00','2012-09-11','2'), ('429','215','1','1','45.00','2012-09-11','2'), ('430','28','9','2','40.00','2012-09-12','1'), ('431','213','354','1','200.00','2012-09-10','2'), ('432','221','113','1','30.00','2018-09-14','2'), ('433','222','113','1','30.00','2018-09-17','1'), ('434','97','12','2','35.00','2018-09-18','2'), ('435','97','64','1','40.00','2018-09-18','2'), ('436','97','58','1','25.00','2018-09-18','2'), ('437','97','62','1','60.00','2018-09-18','2'), ('438','215','21','2','35.00','2018-09-18','2'), ('439','221','351','1','100.00','2018-09-18','2'), ('440','215','37','1','20.00','2018-09-08','2'), ('441','215','11','1','45.00','2018-09-08','2'), ('442','215','157','1','30.00','2018-09-08','2'), ('443','215','21','1','35.00','2018-09-08','2'), ('444','213','11','1','200.00','2018-09-10','2'), ('445','52','11','1','40.00','2018-09-18','1'), ('446','220','113','1','30.00','2018-09-13','2'), ('447','220','351','1','50.00','2018-09-13','2'), ('448','174','15','1','400.00','2018-09-19','1'), ('449','208','51','1','50.00','2018-09-19','1'), ('450','52','5','1','40.00','2018-09-19','1'), ('451','106','60','1','35.00','2018-09-20','2'), ('452','106','58','1','25.00','2018-09-20','2'), ('453','190','51','2','55.00','2018-09-20','1'), ('454','190','1','2','45.00','2018-09-20','1'), ('455','52','11','1','40.00','2018-09-21','1'), ('456','52','354','1','60.00','2018-09-21','1'), ('457','166','143','1','150.00','2018-09-21','1'), ('458','213','354','1','200.00','2018-09-24','2'), ('459','223','113','1','30.00','2018-09-24','1'), ('460','223','129','1','450.00','2018-09-24','1'), ('461','52','11','1','20.00','2018-09-25','1'), ('462','222','51','1','60.00','2018-09-26','2'), ('463','208','51','1','60.00','2018-09-28','1'), ('464','208','51','1','10.00','2018-09-28','1'), ('465','52','11','1','45.00','2018-10-01','1'), ('466','226','113','1','30.00','2018-10-02','1'), ('467','45','354','1','100.00','2018-10-03','1'), ('468','220','51','1','60.00','2018-10-03','2'), ('469','220','63','1','40.00','2018-10-03','2'), ('470','52','11','2','40.00','2018-10-03','1'), ('471','226','61','1','75.00','2018-10-03','1'), ('472','226','57','1','50.00','2018-10-03','1'), ('473','226','63','1','40.00','2018-10-03','1'), ('474','215','354','1','100.00','2018-10-04','2'), ('475','222','11','1','45.00','2018-10-04','2'), ('476','166','342','1','50.00','2018-10-05','1'), ('477','225','113','1','30.00','2018-10-01','1'), ('478','226','11','1','45.00','2018-10-05','1'), ('479','226','21','1','35.00','2018-10-05','1'), ('480','111','57','1','50.00','2018-10-05','1'), ('481','111','63','1','40.00','2018-10-05','1'), ('482','98','139','1','150.00','2018-10-08','1'), ('483','159','139','1','150.00','2018-10-08','1'), ('484','226','11','1','45.00','2018-10-09','5'), ('485','208','51','1','60.00','2018-10-10','1'), ('486','174','11','1','40.00','2018-10-10','1'), ('487','227','113','1','30.00','2018-10-10','1'), ('488','228','113','1','30.00','2018-10-10','1'), ('489','228','57','1','50.00','2018-10-10','1'), ('490','215','51','3','20.00','2018-10-09','5'), ('491','166','139','1','150.00','2018-10-11','1'), ('492','166','342','1','50.00','2018-10-11','1'), ('493','226','11','2','45.00','2018-10-12','1'), ('494','225','11','1','45.00','2018-10-12','1'), ('495','225','51','2','60.00','2018-10-12','1'), ('496','215','11','2','45.00','2018-10-12','1'), ('497','215','11','2','45.00','2018-10-13','1'), ('498','227','45','1','100.00','2018-10-15','1'), ('499','228','57','1','50.00','2018-10-15','1'), ('500','228','61','1','75.00','2018-10-15','1');
INSERT INTO `ingresos_detalle` VALUES ('501','229','113','1','30.00','2018-10-15','1'), ('502','229','51','1','60.00','2018-10-15','1'), ('503','226','21','1','35.00','2018-10-16','1'), ('504','198','11','1','45.00','2018-10-16','1'), ('505','198','111','1','20.00','2018-10-16','1'), ('506','198','1','3','45.00','2018-10-16','1'), ('507','198','63','1','40.00','2018-10-16','1'), ('508','198','57','1','50.00','2018-10-16','1'), ('509','198','61','1','75.00','2018-10-16','1'), ('510','198','11','3','45.00','2018-10-16','1'), ('511','175','11','1','45.00','2018-10-16','1'), ('512','215','51','1','60.00','2018-10-16','1'), ('513','215','157','1','30.00','2018-10-16','1'), ('514','198','354','1','10.00','2018-10-16','1'), ('515','228','11','1','45.00','2018-10-16','1'), ('516','215','53','1','75.00','2018-10-17','1'), ('517','228','11','1','45.00','2018-10-17','5'), ('518','227','45','1','100.00','2018-10-18','1'), ('519','227','157','1','30.00','2018-10-18','1'), ('520','227','67','1','70.00','2018-10-18','1'), ('521','215','53','1','75.00','2018-10-18','1'), ('522','215','21','1','35.00','2018-10-18','1'), ('523','133','15','1','100.00','2018-10-19','1'), ('524','133','111','1','20.00','2018-10-19','1'), ('525','227','67','1','10.00','2018-10-18','1'), ('526','227','59','1','45.00','2018-10-18','1'), ('527','227','57','1','50.00','2018-10-18','1'), ('528','230','113','1','30.00','2018-10-19','1'), ('529','228','21','1','35.00','2018-10-19','1'), ('530','228','11','1','45.00','2018-10-19','1'), ('531','228','55','2','20.00','2018-10-19','1'), ('532','198','129','1','450.00','2018-10-16','1'), ('533','198','11','2','45.00','2018-10-16','1'), ('534','198','11','1','45.00','2018-10-16','1'), ('535','198','51','1','60.00','2018-10-16','1'), ('536','178','107','1','150.00','2018-10-20','1'), ('537','178','53','1','75.00','2018-10-20','1'), ('538','178','37','1','120.00','2018-10-20','1'), ('539','98','342','1','50.00','2018-10-22','1'), ('540','228','21','1','35.00','2018-10-17','5');
INSERT INTO `pacientes` VALUES ('1','Luis Martn','Vallejos Bardales','45900500','martin.vallej@gmail.com','Jr. Miguel grau 656','1989-07-19','Masculino','Soltero','361611',NULL,'921855468',NULL,'1','0','2017-03-20','2017-03-20',NULL,NULL,'0'), ('2','Rodrigo Arturo','Rojas Vigo','78857948','','Pje. Luis Rebaza Neira 186','2014-11-22','Masculino','Soltero','',NULL,'',NULL,'1','0','2017-03-22','2017-03-22',NULL,NULL,'0'), ('3','Jorge Luis','Rojas Lopez','73183032','jorgeluisrojaslopez7@gmail.com','Jr. Ucayali 444','2005-08-17','Masculino','Soltero','',NULL,'976606811',NULL,'1','0','2017-03-23','2017-03-22',NULL,NULL,'0'), ('4','Marcela','Paredes Puelles','26618808','','Jr. Silva Santisteban 459','1965-10-01','Masculino','Soltero','',NULL,'979101956',NULL,'1','0','2017-03-23','2017-03-23',NULL,NULL,'0'), ('5','Gabriela ','Rojas Gonzales','73644937','gabi25_1@hotmail.com','Jr. Silva Santisteban 501','1996-01-25','Masculino','Soltero','344987',NULL,'992549002',NULL,'1','0','2017-03-25','2017-03-24',NULL,NULL,'0'), ('6','Claudia Aracely ','Vallejos Bardales','71081182','cavb.97.20@hotmail.com','Av. Miguel Grau 656','1997-12-20','Masculino','Soltero','361611',NULL,'974660406',NULL,'1','0','2017-03-25','2017-03-25',NULL,NULL,'0'), ('7','Betty Maribel','Murrugarra Abanto','26603439','','Jr.Santa Teresa 280','1963-08-22','Masculino','Soltero','076364589',NULL,'',NULL,'1','0','2017-03-27','2017-03-25',NULL,NULL,'0'), ('8','Joaquin Enrique','Vallejos Valdiviva','71718194','joenva20@hotmail.com','27 de noviembre 340','2004-03-20','Masculino','Soltero','351997',NULL,'944842612',NULL,'1','0','2017-03-25','2017-03-25',NULL,NULL,'0'), ('9','Mnica Belen','Vallejos Valdiviva','71718193','mvallejosvaldivia@gmail.com','Jr. 27 de Noviembre 340 - Chota','1999-07-08','Masculino','Soltero','076351997',NULL,'979951987',NULL,'1','0','2017-03-25','2017-03-25',NULL,NULL,'0'), ('10','Oscar','Muoz Alcalde','26690102','','Jr. Silva Santisteban','1966-11-20','Masculino','Soltero','',NULL,'986151942',NULL,'1','0','2017-03-27','2017-03-26',NULL,NULL,'0'), ('11','Karol Melissa ','Novoa Murrugarra','46996094','melissanovoa18@hotmail.com','Jr. Santa Teresa 280','1991-04-18','Masculino','Soltero','076 364589',NULL,'945723582',NULL,'1','0','2017-03-27','2017-03-27',NULL,NULL,'0'), ('12','Tania Carolina','Salas Venturo','46074854','tsalasventuro@gmail.com','Jr. Hualgayoc 383','1990-09-06','Masculino','Soltero','',NULL,'940190350',NULL,'1','0','2017-06-19','2017-03-28',NULL,NULL,'0'), ('13','Robin Alfredo ','Vigo Rojas ','43091418','rvigo@solucionesporacticas.org.pe','Jr. Hualgayoc 383','1985-07-16','Masculino','Soltero','076261433',NULL,'987850979',NULL,'1','0','2017-03-28','2017-03-28',NULL,NULL,'0'), ('14','Lha Macarenna','Sandoval Rabanal','','','Av. Mario Urteaga 405','2014-05-23','Masculino','Soltero','',NULL,'945637763',NULL,'1','0','2017-03-29','2017-03-29',NULL,NULL,'0'), ('15','Wilson Andrs ','Novoa Murrugarra ','73393073','sk8andres_1992@hotmail.com','Jr. Santa Teresa 280','1992-10-28','Masculino','Soltero','364589',NULL,'',NULL,'1','0','2017-03-29','2017-03-29',NULL,NULL,'0'), ('16','Elena','Cabellos Chvez','70840355','nicc_93_12@hotmail.com','Av. Atahualpa 306','1993-05-05','Masculino','Soltero','076 367598',NULL,'986007570',NULL,'1','0','2017-03-30','2017-03-30',NULL,NULL,'0'), ('17','Orillo Terrones','Briner Enrique','71205731','','Jr. Ayacucho 452','1994-09-05','Masculino','Soltero','076 362423',NULL,'957824863',NULL,'1','0','2017-03-30','2017-03-30',NULL,NULL,'0'), ('18','Mariana Del Sol','Pajares Basauri','63148476','','Jr. Jose Olaya 248','2012-02-24','Masculino','Soltero','368050',NULL,'920019887',NULL,'1','0','2017-04-04','2017-04-04',NULL,NULL,'0'), ('19','Gian Piere','Vallejos Bardales','71081201','gian.vallejos92@gmail.com','Av. Miguel Grau 656','1992-10-26','Masculino','Soltero','361611',NULL,'982780954',NULL,'1','0','2017-04-07','2017-04-07',NULL,NULL,'0'), ('20','Estefani Victoria','Vargas Marin','72752357','vargasmarinvictoria@gmail.com','Jr. Revolucion 123','1994-04-02','Masculino','Soltero','',NULL,'',NULL,'1','0','2017-04-07','2017-04-07',NULL,NULL,'0'), ('21','Claudia Lisset ','Diaz Narro','73991669','claudiald@hotmail.com','Jr. 28 de octubre 155 ','1993-12-12','Masculino','Soltero','358073',NULL,'993791374',NULL,'1','0','2017-04-07','2017-04-07',NULL,NULL,'0'), ('22','Mara del Carmen ','Candela Villalba','26686690','alednacairam@hotmail.com','Fundo tres Molinos','1954-10-15','Masculino','Soltero','',NULL,'976331371',NULL,'1','0','2017-04-09','2017-04-09',NULL,NULL,'0'), ('23','Magda Monica Lila','Alvan Ochoa','05413212','','Jr. Cumbe Mayo 260','1977-10-06','Masculino','Soltero','',NULL,'9657966376',NULL,'1','0','2017-04-10','2017-04-10',NULL,NULL,'0'), ('24','Karol Fabiana','Rudas Portilla','61444472',NULL,'Jr.Piura # 515','2008-09-09','Masculino','Soltero',NULL,NULL,'936768809',NULL,'1','0','2018-08-17','2017-04-12','Miriam Marcelo Tantamayo','936768809','0'), ('25','Mario Alexander','Vargas Chavez','71468042','mario15-94@hotmail.com','Jr. Silva Santisteban 801','1994-04-15','Masculino','Soltero','314616',NULL,'994998159',NULL,'1','0','2017-04-18','2017-04-18',NULL,NULL,'0'), ('26','Santos Victor','Leonardo Sanchez','26945625','','Jr. Estrecho 413','1954-04-27','Masculino','Soltero','',NULL,'976003069',NULL,'1','0','2017-04-22','2017-04-22',NULL,NULL,'0'), ('27','Geny Jobani','Vargas Roncal','60390400','','Caserio Cau Cau','1998-08-16','Masculino','Soltero','',NULL,'927277382',NULL,'1','0','2017-05-01','2017-04-26',NULL,NULL,'0'), ('28','Jos Andres ','Murrugarra Abanto','26600716','','Manzanilla - Centro Poblado','1947-11-30','Masculino','Soltero','361860',NULL,'',NULL,'1','0','2017-04-28','2017-04-28',NULL,NULL,'0'), ('29','Dario','Diaz Cerquin','26700533','','Caserio Bajo Otuzco','1971-12-23','Masculino','Soltero','',NULL,'945979255',NULL,'1','0','2017-05-04','2017-05-04',NULL,NULL,'0'), ('30','Gian Piere','Vallejos','71081201','gian@gmail.com','Av. Miguel Grau 656','2017-05-04','Masculino','Soltero','',NULL,'',NULL,'2','0','2017-05-17','2017-05-04',NULL,NULL,'0'), ('31','Jorge Antonio','Custodio Benzunce','26626538','jorgecb_17@yahoo.es','Av. Mario Urtega 209','1966-01-17','Masculino','Soltero','',NULL,'963996398',NULL,'1','0','2017-05-09','2017-05-09',NULL,NULL,'0'), ('32','Gladys Eugenia','Camacho Pajares','26611316','','Jr. Manco Capac 440 - Baos del Inca','1966-10-15','Masculino','Soltero','',NULL,'976434131',NULL,'1','0','2017-05-13','2017-05-13',NULL,NULL,'0'), ('33','Frank Alex','Castaeda Vargas','27917277','','Jr. Alfonso Ugarte 837','1973-05-10','Masculino','Soltero','',NULL,'',NULL,'1','0','2017-05-14','2017-05-14',NULL,NULL,'0'), ('34','Angie Valezkha','Briones Mendoza','60544679','','Psje. Antonio Bezela 121','2007-09-11','Masculino','Soltero','260067',NULL,'950479919',NULL,'1','0','2017-06-17','2017-05-18',NULL,NULL,'0'), ('35','Enrique Gian Bernardo','Briones Mendoza','63500390','cavemeal@hotmail.com','Psje. Antonio De Zela 121','2012-12-23','Masculino','Soltero','260067',NULL,'950479919',NULL,'1','0','2017-05-23','2017-05-23',NULL,NULL,'0'), ('36','Yolanda','Becerra Garca ','','','Jr. Silva Santisteban 364','1983-07-22','Masculino','Soltero','',NULL,'969001960',NULL,'1','0','2017-05-26','2017-05-26',NULL,NULL,'0'), ('37','Kent Jeyson','Carrasco Cabanillas','71592889','kcarrascoc14@unc.edu.pe','Carr. Carretera BamBamarca-44 INT.A br. HUambocancha ','1997-05-11','Masculino','Soltero','',NULL,'976868850',NULL,'1','0','2017-05-27','2017-05-27',NULL,NULL,'0'), ('38','Mikol Zaira','Salazar Chvez','72696900','','Jr. San pablo 95','1998-11-10','Masculino','Soltero','362451',NULL,'976321708',NULL,'1','0','2017-05-28','2017-05-28',NULL,NULL,'0'), ('39','Antony Jhonattant','Comettant Cruzado','42947040','','Jr. amalia puga 436','1985-04-22','Masculino','Soltero','283296',NULL,'976539322',NULL,'1','0','2017-05-28','2017-05-28',NULL,NULL,'0'), ('40','Romel','Medina Saldaa','26687353','vcablescaj@hotmail.com','Jr. Cinco Esquinas 309 Br. San Sebastian ','1956-04-01','Masculino','Soltero','',NULL,'976636087',NULL,'1','0','2017-05-31','2017-05-31',NULL,NULL,'0'), ('41','Carlos Henri ','Rojas Zegarra','09780836','carlosrojasebalista@hotmail.com','Jr. Santa ANITA 251','1975-07-29','Masculino','Soltero','',NULL,'976843243',NULL,'1','0','2017-06-01','2017-06-01',NULL,NULL,'0'), ('42','Merly Yessica','Alcas Tavara','41740536','mergyy@hotmail.com','Jr. Los Narajos 110 - Urb El ingenio','1982-12-23','Masculino','Soltero','',NULL,'974842877',NULL,'1','0','2017-06-01','2017-06-01',NULL,NULL,'0'), ('43','Anita Isabel','Zavala Cuenca','26622681','aniza_13@hotmail.com','Jr. Silva Santisteban 1112','1966-08-13','Masculino','Soltero','',NULL,'976609085',NULL,'1','0','2017-06-02','2017-06-02',NULL,NULL,'0'), ('44','Mathias Rancel','Chingay Ocas','77544858','','CP Bajo Otuzco','2012-01-10','Masculino','Soltero','',NULL,'976415814',NULL,'1','0','2017-06-06','2017-06-06',NULL,NULL,'0'), ('45','Horacio','Rojas Mori','26626686',NULL,'Jr. Casurco 266','1959-11-26','Masculino','Soltero','364961',NULL,'976838992',NULL,'1','0','2018-08-17','2017-06-07',NULL,NULL,'0'), ('46','Grimaldo Guzman','Mendoza Campos','46453763','grimen13@hotmail.com','Jr. Cumbre Mayo 209 Urb. Ramon Castilla','1990-07-27','Masculino','Soltero','',NULL,'982390987',NULL,'1','0','2017-06-10','2017-06-10',NULL,NULL,'0'), ('47','Gustavo Matias','Medina Torres','','','Jr. Sullana 130','2003-05-08','Masculino','Soltero','312409',NULL,'994506137',NULL,'1','0','2017-06-16','2017-06-16',NULL,NULL,'0'), ('48','Eulalia','Saldaa Cabanillas','28062674','','Jr. Los Nogales 275 - Villa Universitaria','1959-10-10','Masculino','Soltero','312469',NULL,'',NULL,'1','0','2017-06-19','2017-06-19',NULL,NULL,'0'), ('49','Dayana Yakirah','Salazar Chavez','46702652','stars11_1@hotmail.com','Jr. San pablo 495 San Sebastian','1990-12-11','Masculino','Soltero','362451',NULL,'942207032',NULL,'1','0','2017-06-21','2017-06-21',NULL,NULL,'0'), ('50','Maricela Viviana','Hoyos Cordoba','26641992','mvivianahocor@hotmail.com','Jr. Silva Santisteban 341','1972-04-26','Masculino','Soltero','363360',NULL,'962703937',NULL,'1','0','2017-06-21','2017-06-21',NULL,NULL,'0'), ('51','Christopher Adrian','Rodriguez Diaz','63509350','sagitario01_86@hotmail.com','Jr. Carlos Malpica 153','2012-05-07','Masculino','Soltero','962678126',NULL,'986786085',NULL,'1','0','2017-07-05','2017-06-22',NULL,NULL,'0'), ('52','Fabricio Joaquin','Muoz Vigo','78702579',NULL,'Jr. Manco Capac 440 Baos del Inca','2014-08-03','Masculino','Soltero','076348085',NULL,'982198534','982198536','1','0','2018-09-14','2017-06-24','Mercedez Vigo',NULL,'0'), ('53','Walter Abel','Bardales Bodero','26676298','boderow@yahoo.com','Jr. Los alamos 146 Urb. El Ingenio','2017-06-29','Masculino','Soltero','076506052',NULL,'9739769264',NULL,'2','0','2017-06-29','2017-06-29',NULL,NULL,'0'), ('54','Segundo Alberto','Perez Ventura','26733030','albertito7777777@hotmail.com','Jr. Silva Santisteban 364','1978-04-27','Masculino','Soltero','',NULL,'945921530',NULL,'1','0','2017-07-06','2017-07-06',NULL,NULL,'0'), ('55','Jonel','Salcedo Sarmiento','40518924','jss.salcedo1012@gmail.com','Jr. Revilla Perez 239','1978-12-10','Masculino','Soltero','369172',NULL,'976965619',NULL,'2','0','2017-07-07','2017-07-07',NULL,NULL,'0'), ('56','Segundo Rafaelito','Perez Baez','41879209','deli_29@hotmail.com','Jr. Eten 230','1983-04-13','Masculino','Soltero','',NULL,'949978899',NULL,'1','0','2017-07-08','2017-07-08',NULL,NULL,'0'), ('57','Fermina','Quispe de Pea','26690390','','Jr. Angamos 333','1933-11-24','Masculino','Soltero','313574',NULL,'976774776',NULL,'1','0','2017-07-09','2017-07-09',NULL,NULL,'0'), ('58','Darlini','Diaz Colunche','47048742','flor_c_r2006@hotmail.com','Jr. Carlos Malpica 153','1991-02-25','Femenino','Soltero',NULL,NULL,'977247080',NULL,'1','0','2018-07-26','2017-07-11',NULL,NULL,'0'), ('59','Antero','Vargas Salazar','26716114','','Jr. Silva Santisteban 801','1958-01-04','Masculino','Soltero','314616',NULL,'976602086',NULL,'1','0','2017-07-12','2017-07-12',NULL,NULL,'0'), ('60','Claudia Alessandra','Sempertegui Ruiz','73204851','a20173302@pucp.edu.pe','Jr. Humbolt C11 - Ubr. San Luis','2000-07-11','Masculino','Soltero','361039',NULL,'989831410',NULL,'1','0','2017-07-12','2017-07-12',NULL,NULL,'0'), ('61','Claudia ','Muoz Barboza','44525991','klau25.m@gmail.com','Jr. Silva Santisteban 521','1987-05-30','Masculino','Soltero','',NULL,'965387186',NULL,'1','0','2017-07-19','2017-07-19',NULL,NULL,'0'), ('62','Mara','Saldaa Tafur','44685424','','Jr. Santa Anita 1090','1987-11-30','Masculino','Soltero','',NULL,'973059415',NULL,'1','0','2017-07-19','2017-07-19',NULL,NULL,'0'), ('63','Mara Sabina','Chuquiruna Soto','44667952','','Av. Aviacin 291','1987-02-04','Masculino','Soltero','',NULL,'973011954',NULL,'1','0','2017-07-19','2017-07-19',NULL,NULL,'0'), ('64','Sonia Soledad','Correa Rodriguez','26611262','soniasoledad_04@hotmail.com','Jr. Guillermo Urrelo 912','1965-06-26','Masculino','Soltero','',NULL,'942470554',NULL,'1','0','2017-07-20','2017-07-20',NULL,NULL,'0'), ('65','Vctor Alfredo','Reyes Miguel','47074818','alfred0_120','Jr. Ayacucho 250','1991-05-28','Masculino','Soltero','',NULL,'935583705',NULL,'1','0','2017-07-22','2017-07-22',NULL,NULL,'0'), ('66','Luis Fernando','Del Campo Diaz','74605881','fernando.delcampo@outlook.com','Av. 28 de julio 116 Int 102 ','1994-06-08','Masculino','Soltero','',NULL,'941832121',NULL,'1','0','2017-07-25','2017-07-25',NULL,NULL,'0'), ('67','Karla Ysabel','Tello Zavala','72874042','karla_tzz@hotmail.com','Jr. Silva Santisteban 1112','1998-09-21','Femenino','Soltero','076280259',NULL,'969514514',NULL,'1','0','2017-07-26','2017-07-26',NULL,NULL,'0'), ('68','Segundo Sebastian','Chacon Ocas','40495255','','Jr. Inca Roca 358','1978-01-25','Masculino','Soltero','076261827',NULL,'976223830',NULL,'1','0','2017-07-27','2017-07-27',NULL,NULL,'0'), ('69','Mirtha Lizeth','Villar Giles ','46823774','mirtha.giles.0509@gmail.com','Urb. Hurtado Miller Mz 6 Lt 14 Baos del Inca ','1991-08-05','Femenino','Soltero','',NULL,'997391940',NULL,'1','0','2017-08-01','2017-08-01',NULL,NULL,'0'), ('70','Eligia ','Vigo Mendoza','26613045','eligia.vigo@gmail.com','Jr. Guadalupe 460','1955-11-26','Femenino','Casado','076366885',NULL,'976441367',NULL,'2','0','2017-08-03','2017-08-03',NULL,NULL,'0'), ('71','Pereda Pairazamani','Emily Ariana','62610598','milton45_15@hotmail.com','Jr.Eten 250 Barrio San Sebastian ','2010-03-18','Masculino','Soltero','942102273',NULL,'949054210',NULL,'1','0','2017-08-03','2017-08-03',NULL,NULL,'0'), ('72','Ana Elizabeth ','Bazan Diaz','26731803','anitabazand@hotmail.com','JR. amalia PUga 337','1977-07-29','Femenino','Soltero','261455',NULL,'976364009',NULL,'1','0','2017-08-07','2017-08-07',NULL,NULL,'0'), ('73','Mara Angela','Rojas Vargas','26625006','maria.rojas@secadaj.com.pe','Av. Peru 1517','1963-05-31','Femenino','Viudo','362120',NULL,'976359648','976969460','1','0','2017-10-03','2017-08-09',NULL,NULL,'0'), ('74','Cesar Augusto','Diaz Vigo','26611393','dica1958@hotmail.com','Fundo 3 Molinos Baos Del Inca ','1957-05-23','Masculino','Soltero','',NULL,'976331376',NULL,'1','0','2017-08-12','2017-08-12',NULL,NULL,'0'), ('75','Hector Abraham','Pumaccajia Echia','','judithnidia31@hotmail.com','','2014-02-27','Masculino','Soltero','',NULL,'970775886',NULL,'1','0','2017-08-12','2017-08-12',NULL,NULL,'0'), ('76','Roberto','LLanos Linares','26617552','','Av. Hoyos Rubio 1188 Ubr. Horacio Zevallos','1966-03-08','Masculino','Casado','',NULL,'949419090',NULL,'2','0','2017-08-19','2017-08-19',NULL,NULL,'0'), ('77','Paul Franco','Mercado Marn','40465677','paulmercado2011@hotmail.com','Jr. Soledad 361','1979-07-18','Masculino','Soltero','363678',NULL,'951663735',NULL,'1','0','2017-08-21','2017-08-21',NULL,NULL,'0'), ('78','Dora','Del Castillo Zamora','26637571','','Jr. 5 Esquinas E-29','1952-04-29','Femenino','Casado','',NULL,'970924753',NULL,'1','0','2017-08-24','2017-08-24',NULL,NULL,'0'), ('79','kathy Julissa','Llanos Gallardo','72437884','','El porongo C26','2004-08-16','Femenino','Soltero','949419090',NULL,'976004285',NULL,'2','0','2017-08-30','2017-08-30',NULL,NULL,'0'), ('80','Emma ','Valdivia Campos','27420412','emmavaldiviacampos@gmail.com','27 de noviembre 340','1972-08-15','Femenino','Divorciado','076351947',NULL,'984669161',NULL,'1','0','2017-08-30','2017-08-30',NULL,NULL,'0'), ('81','Raul Antonio','Centurin Galdos','07616469',NULL,'Av.','2017-12-31','Masculino','Soltero','358001',NULL,'976076969','954170791','1','1','2017-09-26','2017-09-12',NULL,NULL,'0'), ('82','Maxima Isabel','Mayta Diaz','11111111',NULL,'Av.','2017-12-31','Femenino','Soltero',NULL,NULL,NULL,NULL,'1','0','2017-09-12','2017-09-12',NULL,NULL,'0'), ('83','Luis Humberto','Ravines Oblitas','26605201',NULL,'Jr. Los Gladiolos 114 - Pj. Maria Parado de Bellido','1955-07-19','Masculino','Soltero',NULL,NULL,'976862021',NULL,'2','1','2017-11-21','2017-09-12',NULL,NULL,'0'), ('84','Ynocencio Joel','Huaman abanto','41620646',NULL,'Av. el maestro 342A','1980-07-08','Masculino','Soltero','076 620170',NULL,'992906420',NULL,'1','0','2017-09-12','2017-09-12',NULL,NULL,'0'), ('86','Rodrigo Farid','Carbonel Mera','74015199','jimmy_carbonel@hotmail.com','Pro cinco esquinas 1546 DPTO.402 lot. STA. Mercedes','2010-02-09','Masculino','Soltero',NULL,NULL,'976904832','976835031','1','0','2017-09-13','2017-09-13',NULL,NULL,'0'), ('87','Mayra Elizabeth','Tello Zavala','72884359','mayita_tz@hotmail.com','Jr. Silva Santisteban 1112','1992-02-24','Femenino','Soltero','280523',NULL,'974812903',NULL,'1','0','2017-09-15','2017-09-15',NULL,NULL,'0'), ('88','Silvana','Vargas Villena',NULL,NULL,'Jr. Sanchez Hoyos 547','2006-12-19','Femenino','Soltero',NULL,NULL,'938266435',NULL,'1','0','2017-09-18','2017-09-18',NULL,NULL,'0'), ('89','Diana','Vigo Rojas','45880521','emdy.conytec@gmail,com','Jr. Loreto 391','1989-02-04','Femenino','Soltero','951769914',NULL,NULL,NULL,'1','0','2017-09-18','2017-09-18',NULL,NULL,'0'), ('90','Yago','Tavara Galvez',NULL,NULL,'Jr. 28 de Julio #287','2012-03-27','Masculino','Soltero',NULL,NULL,'920010643','986238683','1','0','2017-09-19','2017-09-19',NULL,NULL,'0'), ('91','Gael Octavio','Tavara Galvez','78501449',NULL,'Jr. 28 de Julio #287','2014-03-06','Masculino','Soltero',NULL,NULL,'920010643','986238683','1','0','2017-09-29','2017-09-20',NULL,NULL,'0'), ('92','Luis Alberto','Garca Mendoza','41613181','psycoamigo@hotmail.com','Jr. petarteros 180 - Barrio San Sebastian','1980-04-24','Masculino','Soltero',NULL,NULL,'976978366',NULL,'1','0','2017-09-22','2017-09-22',NULL,NULL,'0'), ('93','Maria Ines','Huaripata Chingay De Fernandez','26721106','luzmarinafernandezhuaripata@gmail.com','CP. Otuzco','1977-05-14','Femenino','Casado',NULL,NULL,'971311685',NULL,'2','1','2017-09-26','2017-09-26',NULL,NULL,'0'), ('94','Zinthia','Daz  Vega','43079593','cidive@hotmail.com','Jr. Dos de Mayo # 730','1985-07-03','Femenino','Soltero',NULL,NULL,'976000668',NULL,'1','0','2017-09-27','2017-09-27',NULL,NULL,'0'), ('95','Carlos Ivan','Cubas Vasquez','42666278',NULL,'Urb. inca Manco Capac Mz LL-IV Lt.12 LIMA','1981-10-02','Masculino','Soltero',NULL,NULL,'976394202',NULL,'1','0','2017-09-27','2017-09-27',NULL,NULL,'0'), ('96','Yerica','Mera Rivera','40252474','yemeri_7@hotmail.com','Jr. cinco esquinas 1546 Dpto 402','1977-02-16','Femenino','Casado',NULL,NULL,'976835031',NULL,'1','0','2017-09-28','2017-09-28',NULL,NULL,'0'), ('97','Emilia','Meja Mendoza','27047677',NULL,'Jr. Miguel Grau 473','1962-02-01','Femenino','Soltero','976669100',NULL,'976669100',NULL,'1','0','2017-09-28','2017-09-28',NULL,NULL,'0'), ('98','Cecilia','Silva Meja','44051713','acecy@gmail.com','Jr. Miguel Grau 473','1987-02-01','Femenino','Casado','976888995',NULL,'976888995',NULL,'2','0','2017-10-12','2017-09-28',NULL,NULL,'0'), ('99','Fiorelle Medaly','Galvez infante','43695878',NULL,'Jr. 28 de Julio #287','1986-08-28','Femenino','Soltero',NULL,NULL,'948078098','948078098','1','0','2018-09-06','2017-09-29',NULL,NULL,'0'), ('100','Lida Lisseth','Ravines Carrera','45606194','lida02.07@outlook.es','Jr. Los Gladiolos 114 - Pj. Maria Parado de Bellido','1989-02-07','Femenino','Soltero','076284137',NULL,'970319640',NULL,'1','0','2017-09-29','2017-09-29',NULL,NULL,'0'), ('101','Alejandra Valentina','Bazan Valencia','62484866','marvalencia@gmail.com','Jr. Ayacucho # 139','2010-09-30','Femenino','Soltero','363371',NULL,'976229705',NULL,'1','0','2017-10-02','2017-10-02',NULL,NULL,'0');
INSERT INTO `pacientes` VALUES ('102','Camila de los Angeles','Bazan Valencia','61503254','marvalencia@gmail.com','Jr. Ayacucho # 139','2008-11-23','Femenino','Soltero','363371',NULL,'976229683','976229705','1','0','2017-10-02','2017-10-02',NULL,NULL,'0'), ('103','Hilda Violeta','Ramos Cspedes',NULL,'violetaramos@ogro.com.pe','Jr. Huanuco 2054','1974-12-27','Femenino','Casado',NULL,NULL,'982162043','979351289','1','0','2017-10-04','2017-10-04',NULL,NULL,'0'), ('104','Esmeralda','Vallejos Paisig','75983862',NULL,'Jr. Abancay #109','2003-02-14','Femenino','Soltero',NULL,NULL,'956064917','995373232','1','0','2017-10-07','2017-10-07',NULL,NULL,'0'), ('105','Anthony','Rojas Iberico','76667659',NULL,'Jr. los leones 558 Santa Mercedes 4ta Etapa','1997-01-10','Masculino','Soltero',NULL,NULL,'933827331','951039070','1','0','2017-10-09','2017-10-09',NULL,NULL,'0'), ('106','Marlith','Iberico Martinez','33958825','marlith_iberico73@hotmail.com','Jr. los leones 558 Santa Mercedes 4ta Etapa','1974-06-03','Masculino','Soltero',NULL,NULL,'951039070',NULL,'1','0','2017-10-09','2017-10-09',NULL,NULL,'0'), ('107','David','Salcedo Silva','63510286','acecy@gmail.com','Miguel Grau n 473','2012-08-18','Masculino','Soltero',NULL,NULL,'976965619','976888995','2','2','2017-12-13','2017-10-12',NULL,NULL,'0'), ('108','Carlos  Enrique','Melgar Maravi','20074139','carlos.enrique963@gmail.com','Haynacapac 377 Dto 301','1963-07-30','Masculino','Casado',NULL,NULL,'982217781','999231002','1','0','2017-10-18','2017-10-18',NULL,NULL,'0'), ('109','Jimmy john','Carbonel Bonna','16728130','jimmy_carbonel@hotmail.com','Prol. Cinco esqunas 1546 Dpto 402 Urb. Santa Mercedes','1974-08-26','Masculino','Casado',NULL,NULL,'976904832',NULL,'1','0','2017-10-18','2017-10-18',NULL,NULL,'0'), ('110','Walter Martin','Portilla Marcelo','73382935','portillamartin22@hotmail.com','Jr. Piura 515 - barrio San Vicente','1995-11-22','Masculino','Soltero',NULL,NULL,'989977462',NULL,'1','0','2017-10-18','2017-10-18',NULL,NULL,'0'), ('111','Yanina Raquel','Meja Ventura','46873301','yani.12mv@hotmail.com','Psje. San Agustin 164','1992-03-22','Femenino','Soltero',NULL,NULL,'969665992','951718322','1','0','2017-12-02','2017-10-19',NULL,NULL,'0'), ('112','Evelin Katherine','Tavera Ventura','76697508','lineve_183@hotmail.com','Psje. San Augustn 164','1994-12-23','Femenino','Soltero',NULL,NULL,'941454603',NULL,'1','0','2018-10-05','2017-10-20',NULL,NULL,'0'), ('113','Zoila Noemi','Quiroz Torres de Rios','06956696',NULL,'Av. Evitamiento Norte 1634 - Urb. Los rosales','1923-06-14','Femenino','Casado',NULL,NULL,'976930684',NULL,'1','0','2017-10-24','2017-10-24',NULL,NULL,'0'), ('114','Kiara Alison','Fernandez Huaripata',NULL,NULL,'CP. Otuzco','2006-12-18','Femenino','Soltero',NULL,NULL,'939266987',NULL,'2','0','2017-10-25','2017-10-25',NULL,NULL,'0'), ('115','Martina','Ventura Terrones','40499136',NULL,'Pje. San Agustn 164','1973-05-07','Femenino','Casado',NULL,NULL,'969042012',NULL,'1','0','2018-04-03','2017-10-26',NULL,NULL,'0'), ('116','Jorge','Fernandez Gomez','05385056',NULL,'CP. Otuzco','1975-07-30','Masculino','Casado',NULL,NULL,'971311685',NULL,'2','1','2017-10-28','2017-10-28',NULL,NULL,'0'), ('117','Hector','Jara Colorado','26662674',NULL,'Prolong Jose Galvez 119','1958-11-04','Masculino','Soltero',NULL,NULL,'940224189',NULL,'2','0','2017-11-09','2017-10-31',NULL,NULL,'0'), ('118','Hilmer','Irigoin Lara','43310887','irigoinlara@hotmail.com','Psje Goicochea 160','1985-10-04','Masculino','Soltero','076 312117',NULL,'943379579','988511637','1','0','2017-11-06','2017-11-06',NULL,NULL,'0'), ('119','Karina Janet','Ruiz Cabrera',NULL,'Karyruiz75@gmail.com','Jr.','0001-01-01','Femenino','Soltero','076361039',NULL,'947606895',NULL,'1','0','2017-11-07','2017-11-07',NULL,NULL,'0'), ('120','Alex Amado','Bazan Machuca','41911777','alex.bazan@mannuccidiesel.com','Jr. Ayacucho # 139','1963-06-15','Masculino','Casado','076363371',NULL,'947467503',NULL,'1','0','2017-11-09','2017-11-09',NULL,NULL,'0'), ('121','Jaime Augusto','Gallo Chanduvi','19194649','jaimegalloch@yahoo.com','Fonavi II Edif. 17 Dpto 503','1966-01-16','Masculino','Soltero',NULL,NULL,'964429286',NULL,'2','0','2017-11-13','2017-11-10',NULL,NULL,'0'), ('122','Heidi Yheira','Angulo de Medina','42015871','heidy127@hotmail.com','Jr. San Luis 294','1983-07-12','Femenino','Casado','076314605',NULL,'991449181',NULL,'1','0','2017-11-10','2017-11-10',NULL,NULL,'0'), ('123','Cristopher John','Carbonel Mera','71733313','carbonelcristopher@gmail.com','Jr. cinco esquinas 1546 Dpto 402','2003-09-22','Masculino','Soltero',NULL,NULL,'945347515',NULL,'1','0','2017-11-11','2017-11-11',NULL,NULL,'0'), ('124','Sara Rebeca','Soria Barrera','48055291','rebeca_17@hotmail.com','Jr. San Pablo 233','1991-11-17','Femenino','Soltero',NULL,NULL,'951391311',NULL,'1','0','2017-11-11','2017-11-11',NULL,NULL,'0'), ('125','Carmen Veronica','Mendoza Alvarez','08165505','cavemeal@hotmail.com','Jr. Bolivar 200','1975-10-20','Femenino','Soltero','260067',NULL,'950479919',NULL,'1','0','2017-11-14','2017-11-14',NULL,NULL,'0'), ('126','Norma Yasenia','Muoz Gil','47630500','yasenia_24_1192@hotmail.com','Jr. Reina Farge #233','1992-11-24','Femenino','Soltero',NULL,NULL,'976007493',NULL,'1','0','2017-11-22','2017-11-22',NULL,NULL,'0'), ('127','Carlos henrry','Rojas Zegarra','09780836',NULL,'Pje. Santa Anita 250','1975-07-29','Masculino','Soltero',NULL,NULL,'976843243',NULL,'1','0','2017-11-28','2017-11-28',NULL,NULL,'0'), ('128','Diego Yerik','Alva Huayan','63063289',NULL,'Jr. Ayacucho #368','2011-10-10','Masculino','Soltero','076281093',NULL,'976682808',NULL,'3','2','2017-11-30','2017-11-30',NULL,NULL,'0'), ('129','Silvia Liliana','Huayan Monzon','26681918',NULL,'Jr. Ayacucho #368','1970-06-22','Femenino','Soltero','076281093',NULL,'976682808',NULL,'3','0','2017-11-30','2017-11-30',NULL,NULL,'0'), ('130','Ivan Santiago','Sime Cabrera','80628452','ivansime9@gmail.com','Jr. Gonzales Prada J-23','1979-05-01','Masculino','Casado',NULL,NULL,'968051737',NULL,'1','0','2017-12-03','2017-12-03',NULL,NULL,'0'), ('131','Angel David','Cadena Cabellos',NULL,NULL,'Jr. La Victoria 313','2011-09-06','Masculino','Soltero',NULL,NULL,'923448261','923613452','1','0','2017-12-04','2017-12-04',NULL,NULL,'0'), ('132','Daniel Segundo','Araujo Alcalde','70197932','daniel.pateperro@gmail.com','Jr. Ayacucho 319','1994-03-10','Masculino','Soltero',NULL,NULL,'958470240',NULL,'1','0','2017-12-05','2017-12-05',NULL,NULL,'0'), ('133','Juan Carlos','Guido Correa','45196359','jcarlos@dacco.com','Jr. inca Tupac 203 Baos del Inca','1988-04-18','Masculino','Casado',NULL,NULL,'984128640',NULL,'1','0','2017-12-05','2017-12-05',NULL,NULL,'0'), ('134','Juan Fernando','Vallejos Diaz','27415045','fervadi@hotmail.com','Jr. 30 de agosto 718','1970-08-12','Masculino','Divorciado','076 311943',NULL,'985616198',NULL,'1','0','2018-01-05','2017-12-11',NULL,NULL,'0'), ('135','Percy','Delgado Rodriguez','42462660','pryce_83@hotmail.com','Jr. San Roque A9 Lt SANTA MERCEDES','1983-07-24','Masculino','Casado',NULL,NULL,'976220516','976393336','1','0','2017-12-16','2017-12-16',NULL,NULL,'0'), ('136','Jose','Perez Mantilla','26708511','perezmantillajose@gmail.com','Barrio la Esperanza S/N Carretera a Celendn','1975-05-02','Masculino','Soltero','076281075',NULL,'970094857',NULL,'1','0','2017-12-16','2017-12-16',NULL,NULL,'0'), ('137','Andre Alexander','Alva Huayan',NULL,NULL,'Jr. Ayacucho #368','2015-10-05','Masculino','Soltero',NULL,NULL,'976682808','980674330','3','0','2017-12-18','2017-12-18',NULL,NULL,'0'), ('138','Robby Manuel','Caicedo','01489215','ethancaice@gmail.com','Martinez de achuracay cuadra 20 H10','1988-12-02','Masculino','Soltero',NULL,NULL,'929277257','921048270','1','0','2017-12-20','2017-12-20',NULL,NULL,'0'), ('139','Arcana Guerra','Gina Marcela','42142671','gimargue@hotmail.com','Diego Camacho 130 Urb. Los Docentes','1983-09-22','Femenino','Casado',NULL,NULL,'997294374','997293159','1','0','2017-12-24','2017-12-23',NULL,NULL,'0'), ('140','Yosselym Marilu Betsabeth','Ravines Carrera','70613060','yossy_0304@hotmail.com','Jr.  Los Gadiolos 114 Pj Mara Parado De Bellido','1997-03-04','Femenino','Soltero',NULL,NULL,'973438987','976862021','2','0','2017-12-28','2017-12-28',NULL,NULL,'0'), ('141','Ruben','Gamero Mercado','73586542','rubengamero@hotmail.com','Jr. tarapaca #189','1998-03-25','Masculino','Soltero',NULL,NULL,'961750277',NULL,'1','0','2017-12-28','2017-12-28',NULL,NULL,'0'), ('142','Gianmarco','Canto Rios','47524818','gianmarco.canto@gmail.com','Lote Hurtado Miller Mz. G Lte14','1991-12-14','Masculino','Soltero','076606947',NULL,'992127752',NULL,'1','0','2017-12-30','2017-12-30',NULL,NULL,'0'), ('143','Hermelinda','Monzon de Huayan','26622071',NULL,'Jr. Huanuco 2346','1940-12-05','Femenino','Casado','076281093',NULL,'972895173','976682808','1','0','2018-01-04','2018-01-04',NULL,NULL,'0'), ('144','Walter Yael','Pacheco Baldeon','44888269','wbaldeon@gmail.com','Jr. Tarapaca 333','1987-12-02','Masculino','Soltero',NULL,NULL,'966345889',NULL,'1','0','2018-01-05','2018-01-05',NULL,NULL,'0'), ('145','Carlos Miguel','Tay Poemape','19238905','carlostay@hotmail.com','Fonavi II Edf 8 Dpto 502','1970-06-19','Masculino','Soltero',NULL,NULL,'976699767',NULL,'1','0','2018-01-05','2018-01-05',NULL,NULL,'0'), ('146','Carlos  Jesus','Melgar Cueva','71559781','cjmc_12@hotmail.com','JR.Jose Nicolas Rodrigo 365 Dpto.622 Urb. Lima Polo Hunt','1992-02-06','Masculino','Soltero',NULL,NULL,'951706013','943071031','1','0','2018-01-15','2018-01-15',NULL,NULL,'0'), ('147','Jhonatan Nicolas','Rodriguez Chicchon','72637537','mth_rj@hotmail.com','Av. Peru 1260','1992-04-18','Masculino','Soltero',NULL,NULL,'930642440',NULL,'1','0','2018-01-15','2018-01-15',NULL,NULL,'0'), ('148','Stefanny','Balanta Granobles','01499560','stefannybalenta917@gmail.com','martires uchugacay 2421','1991-03-14','Femenino','Casado',NULL,NULL,'921048270',NULL,'1','0','2018-01-17','2018-01-17',NULL,NULL,'0'), ('149','Leoncio','Fernandez Jimenez','26606592','leonfer1208@yahoo.com','Jr. fraternidad 252 Pueblo Nuevo','1955-08-12','Masculino','Soltero','076605361',NULL,'945443347',NULL,'2','0','2018-01-17','2018-01-17',NULL,NULL,'0'), ('150','Monica Elizabeth','Cabrera Alvarez','42195552','moniquita_c_a@hotmail.com','Jr. San Luis 399 Barrio Pueblo Libre','1975-06-19','Femenino','Soltero',NULL,NULL,'974812233',NULL,'1','0','2018-01-18','2018-01-18',NULL,NULL,'0'), ('151','Gunel Mariselly','Gallo Chavez','70613056','gunel.gallo@gmail.com','Psj. Marcell 150 Urb. Julio C Tello','1998-11-18','Masculino','Soltero',NULL,NULL,'963662398','964429286','2','0','2018-01-19','2018-01-19',NULL,NULL,'0'), ('152','Victor Moises','Muoz Casteeda','10301477','vicmu1962@gmail.com','Jr. Amalia Puga 1050','1962-02-02','Masculino','Casado',NULL,NULL,'976332278',NULL,'1','0','2018-01-25','2018-01-24',NULL,NULL,'0'), ('153','Jorge Elias','Escalante Ramirez','26603448',NULL,'Jr. Cinco Esquinas 372','1937-10-02','Masculino','Soltero','357315',NULL,NULL,NULL,'1','0','2018-01-25','2018-01-25',NULL,NULL,'0'), ('154','Maria Erlita','Hoyos Chacn de Jimenez','26618221',NULL,'Jr. Loreto 420 La Esperanza','1962-06-24','Femenino','Casado','368284',NULL,NULL,NULL,'2','0','2018-01-25','2018-01-25',NULL,NULL,'0'), ('155','Manuel de la Cruz','Jimenez Rojas','26600880',NULL,'Jr. Loreto 420 La Esperanza','1955-11-08','Masculino','Casado','368284',NULL,'988953097',NULL,'2','1','2018-01-29','2018-01-25',NULL,NULL,'0'), ('156','Mara Luisa','Sanchez Pierola Burga','10301478','marialuisa92000@gmail.com','Jr. Amalia Puga 1050','1962-10-26','Femenino','Soltero',NULL,NULL,'976332305',NULL,'1','0','2018-01-26','2018-01-26',NULL,NULL,'0'), ('157','Rosa Pradelina','Abanto Balcazar','26631204',NULL,'Jr. Arrospide de Loyola 224','1937-03-08','Femenino','Viudo','365544',NULL,'976449797',NULL,'1','0','2018-02-01','2018-02-01',NULL,NULL,'0'), ('158','Juan','Meza Bautista','26313375',NULL,'Caserio el Triunfo - Namora','1971-10-29','Masculino','Soltero',NULL,NULL,'988151853',NULL,'1','0','2018-02-02','2018-02-02',NULL,NULL,'0'), ('159','Gamboa Rojas','Karla Elizabeth','76935869','krl_789@hotmail.com','Jr. Bolivar 110','1995-09-08','Femenino','Soltero','314644',NULL,'924291598',NULL,'1','0','2018-02-07','2018-02-07',NULL,NULL,'0'), ('160','Jhasmin Lucila','Melendez Alvarez','72219265',NULL,'Av. 28 de Julio 212','2004-04-14','Femenino','Soltero',NULL,NULL,'986205098','973113178','1','0','2018-10-13','2018-02-07',NULL,NULL,'0'), ('161','Dina Margarita','Tavera Galvez','26707385','DINAMARGARITA@GMAIL.COM','Jr. Silva Santisteban 137','1974-07-11','Masculino','Soltero',NULL,NULL,'92003248',NULL,'1','0','2018-03-01','2018-03-01',NULL,NULL,'0'), ('162','Sair Steven','Florez Caicedo','26598877',NULL,'COLOMBIA','1991-11-23','Masculino','Soltero',NULL,NULL,NULL,NULL,'1','0','2018-03-05','2018-03-05',NULL,NULL,'0'), ('163','Carmen Rosa','Paisig Terrones','26683327',NULL,'Jr. Abancay #109','1972-02-02','Femenino','Soltero',NULL,NULL,NULL,'995373232','1','0','2018-03-05','2018-03-05',NULL,NULL,'0'), ('164','Marysi','Diaz Mestanza','72020340','mad2.104.05@gmail.com','Jr. Silva Santisteban 1104','1994-10-28','Femenino','Soltero',NULL,NULL,'960601732','976983952','1','0','2018-03-08','2018-03-08',NULL,NULL,'0'), ('165','Karen Alina','Melgar Cueva','71559780','k.almecu96@hotmail.com','Jose Nicolas Rodrigo 385 Edf H dpto 218','1996-09-08','Femenino','Soltero',NULL,NULL,'941441665','943071031','1','0','2018-03-08','2018-03-08','Maria Alina Cueva Rios','943071031','0'), ('166','Mara Alina','Cueva Rios','99108579','alina.cueva25@gmail.com','Jose Nicolas Rodrigo 385 Edf H dpto 218','1965-05-25','Femenino','Soltero',NULL,NULL,'943071031','999231002','1','0','2018-03-08','2018-03-08','Carlos Melgar Maravi',NULL,'0'), ('167','Quijano Ortiz','Yelsi Romie Irina','71482091','yelsi_quijano@hotmail.com','el sol cd2 Balneario 1','1995-11-05','Femenino','Soltero',NULL,NULL,'968593334','976553537','1','0','2018-03-12','2018-03-12',NULL,NULL,'0'), ('168','Ana Fernanda','Alva Valdivieso','70211326','ana.alvav@gmail.com','Jr. El nCapul 175 Urb San Roque','1991-10-11','Femenino','Soltero',NULL,NULL,'940371285','979253212','1','0','2018-03-16','2018-03-16',NULL,NULL,'0'), ('169','Milton Ivan','Andahua Medrano','45309262','ivancito.gd@gmail.com','Mz-C LT-20 Asent. H. Los Angeles','1988-02-12','Masculino','Soltero',NULL,NULL,'980227954',NULL,'1','0','2018-03-21','2018-03-21',NULL,NULL,'0'), ('170','Nuria Alejandra','Perez Marcelo','78429494',NULL,'Prolg. Horacio Urteaga #635','2014-01-24','Femenino','Soltero',NULL,NULL,'976889480',NULL,'1','2','2018-03-23','2018-03-23','Janaet Marcelo','957865982','0'), ('171','Cecilia Beatriz','Camacho Rojas','26729816',NULL,'Av. El maestro 671','1977-09-10','Femenino','Casado','605199',NULL,'976226299',NULL,'1','0','2018-03-24','2018-03-24',NULL,NULL,'0'), ('172','Cristhiam Pedro Ernesto','Holguin Sifuentes','46353112','hcristhiam@hotmail.com','Jr. Tarapaca 677','1990-05-23','Masculino','Soltero','968593334',NULL,'952713967','926933260','1','0','2018-03-30','2018-03-30',NULL,'Yelsy','0'), ('173','Hosmer Santiago','Rodriguez Gil','70197982','beautybldd@hotmail.com','Jr. Hilo 106','2011-10-02','Masculino','Soltero',NULL,NULL,'935749412','935750516','1','0','2018-04-12','2018-04-12','Lucero Gil Paisig','076357828','0'), ('174','Elvis Martin','Aguilar Julca','45852651','elmaguilarju@gmail.com','Pje. Soledad 324','1989-05-15','Masculino','Soltero',NULL,NULL,'955904275',NULL,'1','0','2018-04-21','2018-04-21',NULL,NULL,'0'), ('175','Olegario Cirilo','Asencio Diaz','26633355',NULL,'Av. Independencia 303','1943-10-19','Masculino','Soltero',NULL,NULL,'968611277',NULL,'1','0','2018-04-26','2018-04-26',NULL,NULL,'0'), ('176','Daniel Ignazio','Alegre Bazan','81051403',NULL,'Residencial Los Almendros C101','2012-09-23','Masculino','Soltero','261455',NULL,NULL,NULL,'1','0','2018-05-10','2018-05-10','Bazan Diaz Ana Elizabeth','976364009','0'), ('177','Flor del Rosario','Becerra  Camacho','43275372','roccy_4@hotmail.com','Jr. Ilo 201A.INT.G-18 Barrio San Vicente','1985-09-15','Femenino','Soltero',NULL,NULL,'973324773','970021','1','0','2018-05-14','2018-05-14',NULL,NULL,'0'), ('178','Larissa Camila','Monge Rojas','79141308',NULL,'Psj.Jose Antonio de Zela 185 Barrio la Florida','2015-04-06','Femenino','Soltero',NULL,NULL,'943366105',NULL,'1','0','2018-05-15','2018-05-15','Estefani Alexandra Rojas Moreno','943366105','0'), ('179','Luana Daniela','Villanueva Torres','78571085',NULL,'Psj. Manuel Silva 156BR. Aranjuez','2014-05-01','Femenino','Soltero',NULL,NULL,'947356221',NULL,'1','0','2018-05-21','2018-05-21','Nataly de los Dolores Angulo Torres','947356221','0'), ('180','Cristhian Rodrigo','Jauregui Briones','73960034',NULL,'Av el Maestro 483','2003-01-31','Masculino','Soltero',NULL,NULL,'976356820',NULL,'1','0','2018-05-21','2018-05-21','Liliana Briones Gonzales','976356819','0'), ('181','Melva Raquel','Gonzales Mercado','26691350','rakelgonzalesmercado@hotmail.com','Jr. Silva Santisteban 507','1967-02-26','Femenino','Soltero',NULL,NULL,'976663328',NULL,'1','0','2018-05-21','2018-05-21',NULL,NULL,'0'), ('182','Wilmer Neyser','Carrera Carrea','73223906',NULL,'psj. La Libertad/ Psj. Martos','1995-06-13','Masculino','Soltero',NULL,NULL,'948990156',NULL,'1','0','2018-05-23','2018-05-23',NULL,NULL,'0'), ('183','Karen Judith','Rabanal Portilla','73474417','karen243026@gmail.com','Av. Mario Uretaga 405','1999-04-05','Femenino','Soltero',NULL,NULL,'959516116','945637763','1','0','2018-05-24','2018-05-24',NULL,NULL,'0'), ('184','Juana','Fernndez Huaccha','46755318',NULL,'Prol. Alfonzo Hugarte 2585','1990-05-05','Femenino','Soltero',NULL,NULL,'929547743',NULL,'1','0','2018-05-29','2018-05-29',NULL,NULL,'0'), ('185','Giannina Xiomara','Lpez Abanto','47131044',NULL,'Jr. Gregorio Malca 1170','1991-02-02','Femenino','Soltero',NULL,NULL,'993000317',NULL,'1','0','2018-05-30','2018-05-30',NULL,NULL,'0'), ('186','Mardely Elisabeth','Aguilar Aguilar','45273710',NULL,'Caserio San Pedro Distrito La Encaada','1984-05-10','Femenino','Soltero',NULL,NULL,'964040235','979026235','1','0','2018-06-02','2018-06-02',NULL,NULL,'0'), ('187','Cielo Graciela','Sangay Pea','75294468',NULL,'Av. Alfonso Ugarte 2136','2010-12-03','Femenino','Soltero',NULL,NULL,'943087375',NULL,'1','0','2018-06-05','2018-06-05','Isabel Pea Velasquez','943087375','0'), ('188','Lucelina del Rosario','Terrones Silva','06098200',NULL,'Jr. Ayacucho # 452','1964-12-06','Femenino','Viudo',NULL,NULL,'976914242',NULL,'1','0','2018-06-05','2018-06-05',NULL,NULL,'0'), ('189','Aldo Paolo','Mendoza Yaez','81176974',NULL,'Jr. Cumbe Mayo 209','2013-08-11','Masculino','Soltero',NULL,NULL,'942655134',NULL,'1','0','2018-06-08','2018-06-08','Paola Yaez Correa','942655134','0'), ('190','Juana','Espinoza Carhuajulca','26606608',NULL,'Jr. Los Sauces 430','1977-11-05','Femenino','Soltero',NULL,NULL,'956959428',NULL,'1','0','2018-06-14','2018-06-14',NULL,NULL,'0'), ('191','Miriam Consuelo','Marcelo Tantamango','26600863',NULL,'Jr. Piura 515 - barrio San Vicente','1962-08-30','Femenino','Viudo',NULL,NULL,'954879190',NULL,'1','0','2018-06-18','2018-06-18',NULL,NULL,'0'), ('192','Alessia Victoria','Abanto Vargas','90113259','derik_yo@hotmail.com','Jr. Ucayali 434','2017-03-18','Femenino','Soltero',NULL,NULL,NULL,NULL,'1','0','2018-06-18','2018-06-18','Rub Isabel Vargas Pajares','949118452','0'), ('193','Gilberto Hernan','Mercado Adrianzen','26626352',NULL,'Jr. Silva Santisteban 501','1954-09-08','Masculino','Soltero',NULL,NULL,'976425464',NULL,'1','0','2018-08-20','2018-06-19',NULL,NULL,'0'), ('194','Wilder Cristhian','Camacho Cerna','40427670','cristhiancamacho5@hotmail.com','Pje. Jose Olaya 402','1979-02-23','Masculino','Casado',NULL,NULL,'952684903',NULL,'1','0','2018-06-20','2018-06-20',NULL,NULL,'0'), ('195','Rosa Lily','Ordaz Pastor','46105614','rordazpastor18@gmail.com','Jr. Salaverry 361','1989-01-18','Femenino','Casado',NULL,NULL,'941321223','976568544','1','0','2018-06-22','2018-06-22',NULL,NULL,'0'), ('196','Cesar Paul','Salazar Carrasco','41220055','cesar.salazar58@gmail.com','Jr. Salaverry 361','1981-12-09','Masculino','Casado',NULL,NULL,'940268766','941321223','1','0','2018-06-22','2018-06-22','Esposa','941321223','0'), ('197','Jhostin','Yusti Drada','10896266',NULL,'Av. Los docentes Segundo Parque','2015-09-27','Masculino','Soltero',NULL,NULL,'933811178',NULL,'1','0','2018-06-22','2018-06-22','Leidy Drada Sierra','933811178','0'), ('198','Ana Mara','Alvarez Tello','26728846','maga_29_04@yahoo.es','Jr. Hunuco 2490','2015-10-16','Femenino','Soltero',NULL,NULL,NULL,NULL,'1','0','2018-06-22','2018-06-22','Sandra Magaly Tello Sanchez','976594823','0'), ('199','Camila Luciana','Alegre Bazan','22222222','prom20alegrecamila.sa@gmail.com','Residencial Los Almendros C101','2004-05-28','Femenino','Soltero',NULL,NULL,'993850307',NULL,'1','0','2018-06-25','2018-06-25','Ana Bazan Daz','976364009','0'), ('200','Ana Vanessa','Jauregui Briones','73960035','vjaureguibriones@gmail.com','Av. El maestro 483 Barrio la Colmena','1996-12-03','Femenino','Soltero',NULL,NULL,'976356857',NULL,'1','0','2018-07-09','2018-07-09',NULL,NULL,'0'), ('201','Heberth','Yusti','16804350',NULL,'Urb. Los docentes Manzana  B Lote 3','1985-04-08','Masculino','Soltero',NULL,NULL,'916317421',NULL,'1','0','2018-07-10','2018-07-10',NULL,NULL,'0');
INSERT INTO `pacientes` VALUES ('202','Gian Carlo','Briones Saldaa','74251127','fox_21_1997@hotmail.com','Pje. Santa Rosa 115','1997-12-21','Masculino','Soltero',NULL,NULL,'940203192',NULL,'1','0','2018-07-17','2018-07-17','Lili Saldaa Altamirano','976014329','0'), ('203','Enzo Alessandre','Quisquiche Vera','62485343',NULL,'Jr. Los conquistadores 402','2010-12-04','Masculino','Soltero',NULL,NULL,NULL,NULL,'1','0','2018-07-17','2018-07-17','Hilda ROcio Vera Araujo','976391908','0'), ('204','Fiorelle del Carmen','Guido Correa','72632749','gc_fiorella@hotmail.com','Jr Sucre 500 / 3er piso','2000-03-03','Femenino','Soltero',NULL,NULL,'948078098',NULL,'1','0','2018-10-05','2018-07-20',NULL,NULL,'0'), ('205','Angelica Mara','Untiveros Tello','33333333',NULL,'Jr. Huanuco 2490','2010-05-03','Femenino','Soltero',NULL,NULL,'952935829',NULL,'1','0','2018-07-23','2018-07-23','Sandra Tello Snchez','952935829','0'), ('206','Liliana','Briones Gonzales','26702971',NULL,'Av. El maestro 483 Barrio la Colmena','1974-02-16','Femenino','Casado','343486',NULL,'976356819',NULL,'1','0','2018-07-25','2018-07-25',NULL,NULL,'0'), ('207','Yter Antonio','Vallejos Diaz','26704600','yvallej@gmail.com','Jr. Miguel Grau 656','1961-10-18','Masculino','Casado',NULL,NULL,'986992272',NULL,'1','0','2018-07-25','2018-07-25',NULL,NULL,'0'), ('208','Carlos Alberto','Ugaz Cabanillas','72855126',NULL,'Jr. Cinco Esquinas 240','2005-10-26','Masculino','Soltero','365871',NULL,NULL,NULL,'1','0','2018-08-01','2018-08-01','Maria Dolores Cabanillas Mendo','976047895','0'), ('209','Cielo Ariana','Salazar Huaripata','44444444',NULL,'Jr. Piura 422','2006-03-29','Femenino','Soltero',NULL,NULL,'956959428',NULL,'1','0','2018-08-13','2018-08-13','Juana Espinoza Carhuajulca','956959428','0'), ('210','Ricardo Miguel','Aceijas Chinche','55555555',NULL,'Prolong. Ayacucho 108','2004-02-13','Masculino','Soltero',NULL,NULL,'913816148',NULL,'1','0','2018-08-17','2018-08-17','Mara Lucy Chinche Garca','913816148','0'), ('211','Paola Cecilia','Quiroz Aldana','16801315',NULL,'Jr. Alfonso Ugarte H11','1978-05-22','Masculino','Soltero',NULL,NULL,'961956528',NULL,'1','0','2018-08-18','2018-08-18',NULL,NULL,'0'), ('212','Jorge Luis','Rojas Panduro','41758587','conyteccajamarca@gmail.com','Jr. Loreto 391','1982-12-04','Masculino','Soltero',NULL,NULL,'976606811',NULL,'1','0','2018-08-20','2018-08-20',NULL,NULL,'0'), ('213','Rodolfo Javier','Ortiz vargas','73235278',NULL,'Av. Miguel Grau #830','2004-10-05','Masculino','Soltero',NULL,NULL,'934137688',NULL,'1','0','2018-08-22','2018-08-22','Rodolfo Ortiz','951363380','0'), ('214','Francisco','Aguilera Mendoza','40613660','franciscoaguileramendoza@gmail.com','Jr. Illimani 230','1985-08-24','Masculino','Soltero',NULL,NULL,'992351611',NULL,'1','0','2018-08-22','2018-08-22',NULL,NULL,'0'), ('215','Alejandra Mahory','Villena Arana','72874083',NULL,'Urb. Fonavi II Edif. 1 Dpto 301','2003-08-26','Femenino','Soltero',NULL,NULL,'997836109',NULL,'1','0','2018-08-24','2018-08-24','Yanina Arana Castro','997836109','0'), ('216','Arturo Rodrigo','Castillo Tern','77777777',NULL,'Jr. Jos Carlos Mariategui','2010-04-16','Masculino','Soltero',NULL,NULL,'976904559',NULL,'1','0','2018-08-24','2018-08-24','Sonia tern Muoz','976904559','0'), ('217','Miguel Angel','Yupanqui Cornejo','29208356',NULL,'Av. Independencia 560','1964-07-27','Masculino','Casado',NULL,NULL,'970104041',NULL,'1','0','2018-09-01','2018-09-01',NULL,NULL,'0'), ('218','Yanet Marleny','Placencia Rojas','26689425',NULL,'Av. Independencia 560','1969-11-27','Femenino','Casado',NULL,NULL,'976246188',NULL,'1','0','2018-09-01','2018-09-01',NULL,NULL,'0'), ('219','Lidonil','Galvez Idrogo','44292875','galvezidrogo1005@gmail.com','Av. Peru 534','1987-05-10','Masculino','Soltero',NULL,NULL,'947612028',NULL,'1','0','2018-09-03','2018-09-03',NULL,NULL,'0'), ('220','Carlos Adrian','Cotrina Bazan','70211318','carlos_acb92@hotmail.com','Jr. Los Nogales 282 Mz. D Lte.1','1992-08-20','Masculino','Soltero',NULL,NULL,'99759938',NULL,'1','0','2018-09-04','2018-09-04',NULL,NULL,'0'), ('221','Jorge Diego','Pando Manco','73313007',NULL,'Jr. El Inca 445 Barrio La Colmena','1993-01-09','Masculino','Soltero',NULL,NULL,'983328463',NULL,'1','0','2018-09-14','2018-09-14',NULL,NULL,'0'), ('222','Elena','Ayay Huaccha','26688467',NULL,'Jr. Diego Ferr 2238','1969-04-16','Masculino','Soltero',NULL,NULL,'978368008',NULL,'1','0','2018-09-14','2018-09-14',NULL,NULL,'0'), ('223','Yris Mariela','Ramos Gutierrez','42679778','yris_mrg@hotmail.com','Jr. Guillermo Urrelo 616','1984-09-08','Femenino','Soltero',NULL,NULL,'951802095',NULL,'1','0','2018-09-17','2018-09-17',NULL,NULL,'0'), ('224','Lizeth Natalia','Romero Martinez','10136705','natoromero1013670554@gmai.com','JR. Cahuide# 184- Baos del inca','1996-08-16','Femenino','Soltero',NULL,NULL,'948865104',NULL,'1','0','2018-09-24','2018-09-24',NULL,NULL,'0'), ('225','Santiago Alejandro','Camacho Tafur','79563326',NULL,'Pje. Jose Olaya 412','2016-02-22','Masculino','Soltero','620774',NULL,NULL,NULL,'1','0','2018-09-29','2018-09-27','Wilder Camacho','952684903','0'), ('226','Valeria','Donayre Garay','45548382',NULL,'jr. Julio Guerrero  n 110','2012-10-28','Femenino','Soltero',NULL,NULL,'994648336',NULL,'1','0','2018-10-19','2018-10-01','Erika Garay Ramirez','994648336','0'), ('227','Carlos Davin','Cerquin Abanto','74678777',NULL,'Jr. Jose Quiones  n 902','2010-09-18','Masculino','Soltero',NULL,NULL,'982035090',NULL,'1','0','2018-10-02','2018-10-02','Jessenia Lizeth','Abanto Briones','0'), ('228','Jorge Luis','Abanto Ruiz','26614756',NULL,'JR. Ricardo Palma #127','1961-07-01','Masculino','Soltero',NULL,NULL,'981995575',NULL,'1','0','2018-10-10','2018-10-10',NULL,NULL,'0'), ('229','Cristopher','Castillo  Teras','40273587',NULL,'JR Mareategui #310','2018-10-10','Masculino','Soltero',NULL,NULL,'976904559',NULL,'1','0','2018-10-10','2018-10-10','Sonia Teran Muoz','976904559','0'), ('230','Mirian Elena','Castro Marin','17801522',NULL,'Jr. Soledad 348','1962-12-17','Femenino','Casado',NULL,NULL,'943276152',NULL,'1','0','2018-10-15','2018-10-15',NULL,NULL,'0'), ('231','Erika','Garay Ramirez','45548382','erikab_25@hotmail.com','JR. Julio guerrero# 110','1989-02-12','Femenino','Casado','994648336',NULL,NULL,NULL,'1','0','2018-10-19','2018-10-19',NULL,NULL,'0');
INSERT INTO `pagos` VALUES ('1','1','2018-08-01','2018-08-31','0','2018-10-22 21:51:04','2018-10-22 21:51:12'), ('2','1','2018-09-01','2018-09-30','0','2018-10-22 21:51:15','2018-10-22 21:51:17'), ('3','2','2018-08-01','2018-08-31','0','2018-10-22 21:51:15','2018-10-22 21:51:17'), ('4','2','2018-09-01','2018-09-30','0','2018-10-22 21:51:15','2018-10-22 21:51:17'), ('5','1','2018-10-29','2018-10-29','0','2018-10-29 18:13:44','2018-10-29 18:13:44'), ('6','1','2018-10-29','2018-10-29','0','2018-10-29 18:17:31','2018-10-29 18:17:31'), ('7','1','2018-10-29','2018-10-29','0','2018-10-29 18:20:20','2018-10-29 18:20:20'), ('8','5','2018-10-01','2018-10-29','0','2018-10-29 18:28:38','2018-10-29 18:28:38'), ('9','5','2018-10-01','2018-10-29','0','2018-10-29 18:32:19','2018-10-29 18:32:19'), ('10','1','2018-10-11','2018-10-29','0','2018-10-29 18:34:03','2018-10-29 18:34:03'), ('11','1','2018-10-01','2018-10-29','0','2018-10-29 18:34:19','2018-10-29 18:34:19'), ('12','1','2018-10-01','2018-10-30','1','2018-10-29 23:19:46','2018-10-29 23:19:46'), ('13','5','2018-10-01','2018-10-30','1','2018-10-29 23:19:07','2018-10-29 23:19:07'), ('14','2','2018-08-01','2018-10-30','1','2018-10-29 23:18:40','2018-10-29 23:18:40');
INSERT INTO `precios` VALUES ('1','1','2','45.00'), ('2','2','2','35.00'), ('3','1','3','45.00'), ('4','2','3','35.00'), ('5','1','4','40.00'), ('6','2','4','35.00'), ('7','1','5','45.00'), ('8','2','5','35.00'), ('9','1','6','40.00'), ('10','2','6','40.00'), ('11','1','7','45.00'), ('12','2','7','35.00'), ('13','1','8','100.00'), ('14','2','8','100.00'), ('15','1','9','400.00'), ('16','2','9','400.00'), ('17','1','10','70.00'), ('18','2','10','70.00'), ('19','1','11','500.00'), ('20','2','11','500.00'), ('21','1','12','35.00'), ('22','2','12','30.00'), ('23','1','13','70.00'), ('24','2','13','60.00'), ('25','1','14','200.00'), ('26','2','14','150.00'), ('27','1','15','190.00'), ('28','2','15','170.00'), ('29','1','16','240.00'), ('30','2','16','220.00'), ('31','1','17','290.00'), ('32','2','17','270.00'), ('33','1','18','500.00'), ('34','2','18','500.00'), ('35','1','19','400.00'), ('36','2','19','400.00'), ('37','1','20','120.00'), ('38','2','20','100.00'), ('39','1','21','170.00'), ('40','2','21','150.00'), ('41','1','22','90.00'), ('42','2','22','90.00'), ('43','1','23','150.00'), ('44','2','23','120.00'), ('45','1','26','200.00'), ('46','2','26','180.00'), ('47','1','27','350.00'), ('48','2','27','350.00'), ('49','1','28','90.00'), ('50','2','28','90.00'), ('51','1','29','60.00'), ('52','2','29','50.00'), ('53','1','30','75.00'), ('54','2','30','65.00'), ('55','1','31','20.00'), ('56','2','31','15.00'), ('57','1','32','50.00'), ('58','2','32','25.00'), ('59','1','33','45.00'), ('60','2','33','35.00'), ('61','1','34','75.00'), ('62','2','34','60.00'), ('63','1','35','40.00'), ('64','2','35','40.00'), ('65','1','36','60.00'), ('66','2','36','60.00'), ('67','1','37','80.00'), ('68','2','37','80.00'), ('69','1','38','30.00'), ('70','2','38','30.00'), ('71','1','39','150.00'), ('72','2','39','120.00'), ('73','1','40','50.00'), ('74','2','40','50.00'), ('75','1','41','60.00'), ('76','2','41','60.00'), ('77','1','42','60.00'), ('78','2','42','60.00'), ('79','1','43','220.00'), ('80','2','43','200.00'), ('81','1','45','320.00'), ('82','2','45','300.00'), ('83','1','49','60.00'), ('84','2','49','60.00'), ('85','1','50','75.00'), ('86','2','50','75.00'), ('87','1','51','90.00'), ('88','2','51','90.00'), ('89','1','52','50.00'), ('90','2','52','50.00'), ('91','1','53','500.00'), ('92','2','53','500.00'), ('93','1','54','600.00'), ('94','2','54','600.00'), ('95','1','55','700.00'), ('96','2','55','700.00'), ('97','1','56','800.00'), ('98','2','56','660.00'), ('99','1','57','1000.00'), ('100','2','57','800.00');
INSERT INTO `precios` VALUES ('101','1','58','1200.00'), ('102','2','58','900.00'), ('103','1','59','180.00'), ('104','2','59','180.00'), ('105','1','60','25.00'), ('106','2','60','25.00'), ('107','1','61','150.00'), ('108','2','61','100.00'), ('109','1','62','50.00'), ('110','2','62','50.00'), ('111','1','63','20.00'), ('112','2','63','15.00'), ('113','1','64','30.00'), ('114','2','64','0.00'), ('115','1','65','170.00'), ('116','2','65','170.00'), ('117','1','66','270.00'), ('118','2','66','270.00'), ('119','1','67','30.00'), ('120','2','67','30.00'), ('121','1','68','20.00'), ('122','2','68','20.00'), ('123','1','69','10.00'), ('124','2','69','10.00'), ('125','1','70','300.00'), ('126','2','70','300.00'), ('127','1','71','750.00'), ('128','2','71','700.00'), ('129','1','72','450.00'), ('130','2','72','450.00'), ('131','1','73','50.00'), ('132','2','73','50.00'), ('133','1','74','0.00'), ('134','2','74','0.00'), ('135','1','75','0.00'), ('136','2','75','0.00'), ('137','1','76','600.00'), ('138','2','76','600.00'), ('139','1','77','150.00'), ('140','2','77','150.00'), ('141','1','78','1800.00'), ('142','2','78','1500.00'), ('143','1','79','150.00'), ('144','2','79','150.00'), ('145','1','80','3000.00'), ('146','2','80','0.00'), ('147','1','81','200.00'), ('148','2','81','0.00'), ('149','1','82','50.00'), ('150','2','82','50.00'), ('151','1','83','50.00'), ('152','2','83','50.00'), ('153','1','84','15.00'), ('154','2','84','10.00'), ('155','1','85','30.00'), ('156','2','85','30.00'), ('157','1','86','30.00'), ('158','2','86','30.00'), ('159','1','87','400.00'), ('160','2','87','330.00'), ('161','1','88','500.00'), ('162','2','88','400.00'), ('163','1','89','600.00'), ('164','2','89','450.00'), ('165','1','90','1400.00'), ('166','2','90','1400.00'), ('167','1','91','1200.00'), ('168','2','91','1200.00'), ('169','1','92','1000.00'), ('170','2','92','1000.00'), ('171','1','93','270.00'), ('172','2','93','250.00'), ('173','1','94','250.00'), ('174','2','94','250.00'), ('175','1','95','30.00'), ('176','2','95','30.00'), ('177','1','96','10.00'), ('178','2','96','10.00'), ('179','1','97','30.00'), ('180','2','97','30.00'), ('181','1','98','35.00'), ('182','2','98','35.00'), ('183','1','99','180.00'), ('184','2','99','180.00'), ('185','1','100','70.00'), ('186','2','100','70.00'), ('187','1','101','35.00'), ('188','2','101','30.00'), ('189','1','102','70.00'), ('190','2','102','60.00'), ('191','1','103','20.00'), ('192','2','103','20.00'), ('198','1','107','70.00'), ('199','2','107','70.00'), ('200','1','108','70.00'), ('201','2','108','70.00'), ('202','1','109','50.00'), ('203','2','109','50.00'), ('204','1','110','300.00'), ('205','2','110','300.00');
INSERT INTO `precios` VALUES ('206','1','111','350.00'), ('207','2','111','350.00'), ('208','1','112','20.00'), ('209','2','112','20.00'), ('210','1','113','20.00'), ('211','2','113','20.00'), ('212','1','115','2925.00'), ('213','2','115','2925.00'), ('214','1','116','350.00'), ('215','2','116','350.00'), ('216','1','117','2500.00'), ('217','2','117','2500.00'), ('218','1','118','3500.00'), ('219','2','118','3500.00'), ('220','1','119','450.00'), ('221','2','119','450.00'), ('222','1','120','1200.00'), ('223','2','120','1200.00'), ('224','1','121','400.00'), ('225','2','121','400.00'), ('226','1','122','1500.00'), ('227','2','122','1500.00'), ('228','1','123','300.00'), ('229','2','123','300.00'), ('230','3','2','45.00'), ('231','3','3','45.00'), ('232','3','4','45.00'), ('233','3','5','45.00'), ('234','3','6','40.00'), ('235','3','7','45.00'), ('236','3','8','100.00'), ('237','3','9','400.00'), ('238','3','10','70.00'), ('239','3','11','500.00'), ('240','3','12','30.00'), ('241','3','13','70.00'), ('242','3','14','200.00'), ('243','3','15','190.00'), ('244','3','16','240.00'), ('245','3','17','290.00'), ('246','3','18','500.00'), ('247','3','19','400.00'), ('248','3','20','100.00'), ('249','3','21','150.00'), ('250','3','22','90.00'), ('251','3','23','150.00'), ('252','3','26','180.00'), ('253','3','27','350.00'), ('254','3','28','90.00'), ('255','3','29','60.00'), ('256','3','30','75.00'), ('257','3','31','15.00'), ('258','3','32','25.00'), ('259','3','33','40.00'), ('260','3','34','60.00'), ('261','3','35','40.00'), ('262','3','36','60.00'), ('263','3','37','80.00'), ('264','3','38','30.00'), ('265','3','39','150.00'), ('266','3','40','50.00'), ('267','3','41','60.00'), ('268','3','42','60.00'), ('269','3','43','220.00'), ('270','3','45','320.00'), ('271','3','49','60.00'), ('272','3','50','75.00'), ('273','3','51','90.00'), ('274','3','52','50.00'), ('275','3','53','500.00'), ('276','3','54','600.00'), ('277','3','55','700.00'), ('278','3','56','800.00'), ('279','3','57','1000.00'), ('280','3','58','1200.00'), ('281','3','59','180.00'), ('282','3','60','25.00'), ('283','3','61','150.00'), ('284','3','62','50.00'), ('285','3','63','15.00'), ('286','3','64','0.00'), ('287','3','65','170.00'), ('288','3','66','270.00'), ('289','3','67','30.00'), ('290','3','68','20.00'), ('291','3','69','10.00'), ('292','3','70','300.00'), ('293','3','71','750.00'), ('294','3','72','450.00'), ('295','3','73','50.00'), ('296','3','74','0.00'), ('297','3','75','0.00'), ('298','3','76','600.00'), ('299','3','77','150.00'), ('300','3','78','1500.00'), ('301','3','79','150.00'), ('302','3','80','0.00'), ('303','3','81','0.00'), ('304','3','82','50.00'), ('305','3','83','50.00');
INSERT INTO `precios` VALUES ('306','3','84','10.00'), ('307','3','85','30.00'), ('308','3','86','30.00'), ('309','3','87','400.00'), ('310','3','88','500.00'), ('311','3','89','600.00'), ('312','3','90','1400.00'), ('313','3','91','1200.00'), ('314','3','92','1000.00'), ('315','3','93','270.00'), ('316','3','94','250.00'), ('317','3','95','30.00'), ('318','3','96','10.00'), ('319','3','97','30.00'), ('320','3','98','35.00'), ('321','3','99','180.00'), ('322','3','100','70.00'), ('323','3','101','30.00'), ('324','3','102','60.00'), ('325','3','103','20.00'), ('326','3','107','70.00'), ('327','3','108','70.00'), ('328','3','109','50.00'), ('329','3','110','300.00'), ('330','3','111','350.00'), ('331','3','112','20.00'), ('332','3','113','20.00'), ('333','3','115','2925.00'), ('334','3','116','350.00'), ('335','3','117','2500.00'), ('336','3','118','3500.00'), ('337','3','119','450.00'), ('338','3','120','1200.00'), ('339','3','121','400.00'), ('340','3','122','1500.00'), ('341','3','123','300.00'), ('342','1','124','50.00'), ('343','2','124','50.00'), ('344','3','124','50.00'), ('345','1','125','0.00'), ('346','2','125','0.00'), ('347','3','125','0.00'), ('348','1','126','170.00'), ('349','2','126','190.00'), ('350','3','126','190.00'), ('351','1','127','200.00'), ('352','2','127','150.00'), ('353','3','127','150.00'), ('354','1','128','0.00'), ('355','2','128','0.00'), ('356','3','128','0.00'), ('357','1','129','20.00'), ('358','2','129','20.00'), ('359','3','129','20.00'), ('360','1','130','10.00'), ('361','2','130','10.00'), ('362','3','130','10.00'), ('363','1','131','350.00'), ('364','2','131','350.00'), ('365','3','131','350.00'), ('366','1','132','7.00'), ('367','2','132','7.00'), ('368','3','132','7.00'), ('369','1','133','12.00'), ('370','2','133','12.00'), ('371','3','133','12.00'), ('372','1','134','200.00'), ('373','2','134','200.00'), ('374','3','134','200.00'), ('375','1','135','50.00'), ('376','2','135','50.00'), ('377','3','135','50.00'), ('378','1','136','50.00'), ('379','2','136','50.00'), ('380','3','136','50.00');
INSERT INTO `presupuestos` VALUES ('1','2017-04-06 18:34:09','3','1','0','0'), ('2','2017-04-06 18:38:54','8','1','1','0'), ('3','2017-04-06 18:41:57','9','1','1','0'), ('4','2017-04-06 18:45:07','7','1','0','0'), ('5','2017-04-06 18:53:30','11','1','0','0'), ('6','2017-04-06 18:57:29','13','1','0','0'), ('7','2017-04-06 19:03:39','12','1','0','0'), ('8','2017-04-06 19:12:49','15','1','0','0'), ('9','2017-04-06 19:22:22','16','1','0','0'), ('10','2017-04-06 19:29:26','17','1','0','0'), ('11','2017-04-06 19:33:07','18','1','0','0'), ('12','2017-04-06 19:22:37','19','1','1','0'), ('13','2017-04-06 19:38:16','20','1','0','0'), ('14','2017-04-06 20:27:41','21','1','0','0'), ('15','2017-04-10 17:11:18','23','1','0','0'), ('16','2017-04-11 19:41:44','24','1','0','0'), ('17','2017-04-18 11:22:47','25','1','0','0'), ('18','2017-04-22 12:33:53','26','1','0','0'), ('19','2017-04-27 18:22:13','28','1','0','0'), ('20','2017-05-09 12:50:50','31','1','0','0'), ('21','2017-05-12 19:14:36','32','1','0','0'), ('22','2017-05-12 19:20:32','32','1','0','0'), ('23','2017-05-17 19:09:09','34','1','1','0'), ('24','2017-05-23 19:42:35','35','1','0','0'), ('25','2017-05-27 12:25:50','37','1','0','0'), ('26','2017-05-27 21:31:14','38','1','0','0'), ('27','2017-05-27 21:46:46','39','1','0','0'), ('28','2017-05-31 11:13:43','40','1','0','0'), ('29','2017-06-01 12:35:32','41','1','0','0'), ('30','2017-06-01 12:47:49','41','1','0','0'), ('31','2017-06-01 17:04:39','42','1','0','0'), ('32','2017-06-01 19:12:41','40','1','0','0'), ('33','2017-06-05 18:06:59','44','1','0','0'), ('34','2017-06-06 18:04:50','45','1','0','0'), ('35','2017-06-09 22:24:52','46','1','0','0'), ('36','2017-06-15 19:26:11','47','1','0','0'), ('37','2017-06-19 17:46:05','48','1','0','0'), ('38','2017-06-20 20:07:37','49','1','0','0'), ('39','2017-06-21 16:03:58','50','1','0','0'), ('40','2017-06-21 19:35:38','51','1','0','0'), ('41','2017-06-23 17:59:17','52','1','0','0'), ('42','2017-06-28 18:36:05','53','1','0','0'), ('43','2017-06-28 19:43:39','48','1','0','0'), ('44','2017-07-05 20:05:55','36','1','0','0'), ('45','2017-07-05 20:11:44','54','1','0','0'), ('46','2017-07-06 18:06:01','55','1','0','0'), ('47','2017-07-07 20:16:58','56','1','0','0'), ('48','2017-07-09 12:28:07','57','1','0','0'), ('49','2017-07-10 17:03:08','58','1','0','0'), ('50','2017-07-11 17:02:44','22','1','0','0'), ('51','2017-07-12 11:55:19','60','1','0','0'), ('52','2017-07-12 18:52:39','53','1','0','0'), ('53','2017-07-18 17:13:44','61','1','0','0'), ('54','2017-07-20 09:39:43','64','1','0','0'), ('55','2017-07-22 17:23:26','65','1','0','0'), ('56','2017-07-24 16:49:23','59','1','0','0'), ('57','2017-07-24 17:41:13','59','1','0','0'), ('58','2017-07-24 19:57:17','65','1','0','0'), ('59','2017-07-25 16:35:03','66','1','0','0'), ('60','2017-07-25 17:49:49','67','1','0','0'), ('61','2017-07-26 18:50:01','68','1','0','0'), ('62','2017-08-01 11:03:50','69','1','0','0'), ('63','2017-08-02 21:00:35','70','1','0','0'), ('64','2017-08-03 10:57:49','71','1','0','0'), ('65','2017-08-08 18:08:32','73','1','0','0'), ('66','2017-08-08 18:16:07','73','1','0','0'), ('67','2017-08-11 20:25:38','74','1','0','0'), ('68','2017-08-14 16:37:49','75','1','0','0'), ('69','2017-08-19 12:34:53','76','1','0','0'), ('70','2017-08-21 17:20:04','77','1','0','0'), ('71','2017-08-23 19:25:26','78','1','0','0'), ('72','2017-08-24 17:07:22','1','1','0','0'), ('73','2017-08-28 18:36:48','58','1','0','0'), ('74','2017-08-30 10:18:26','79','1','0','0'), ('75','2017-08-30 10:23:00','79','1','0','0'), ('76','2017-08-30 20:05:14','80','1','0','0'), ('77','2017-09-11 19:57:21','81','1','0','0'), ('78','2017-09-08 11:46:46','82','1','0','0'), ('79','2017-09-08 11:51:19','83','1','0','0'), ('80','2017-09-12 18:49:49','84','1','0','0'), ('81','2017-09-12 19:08:02','84','1','0','0'), ('82','2017-09-12 19:09:37','84','1','0','0'), ('83','2017-09-12 20:09:29','86','1','0','0'), ('84','2017-09-15 20:02:45','87','1','0','0'), ('85','2017-09-18 12:27:23','88','1','0','0'), ('86','2017-09-19 18:19:37','90','1','0','0'), ('87','2017-09-20 16:38:19','91','1','0','0'), ('88','2017-09-22 12:21:06','92','1','0','0'), ('89','2017-09-26 13:28:11','93','1','0','0'), ('90','2017-09-27 10:18:27','94','2','0','0'), ('91','2017-09-27 16:56:40','95','1','0','0'), ('92','2017-09-27 20:03:19','96','1','0','0'), ('93','2017-09-28 12:01:31','97','1','0','0'), ('94','2017-09-28 12:08:29','98','2','0','0'), ('95','2017-09-29 12:35:00','99','1','0','0'), ('96','2017-09-29 17:31:04','100','1','0','0'), ('97','2017-10-02 19:02:58','102','1','0','0'), ('98','2017-10-02 19:15:39','101','1','0','0'), ('99','2017-10-02 19:57:13','102','1','0','0'), ('100','2017-10-02 20:12:49','86','1','0','0');
INSERT INTO `presupuestos` VALUES ('101','2017-10-03 17:54:17','93','1','0','0'), ('102','2017-10-04 17:24:28','103','1','0','0'), ('103','2017-10-06 11:59:13','97','2','0','0'), ('104','2017-10-06 12:11:53','97','2','0','0'), ('105','2017-10-06 19:55:30','104','1','0','0'), ('106','2017-10-09 18:27:27','105','1','0','0'), ('107','2017-10-12 17:07:01','107','1','0','0'), ('108','2017-10-14 11:05:04','83','1','0','0'), ('109','2017-10-16 19:39:53','98','1','0','0'), ('110','2017-10-16 19:44:42','98','1','0','0'), ('111','2017-10-17 19:00:52','108','2','0','0'), ('112','2017-10-17 20:22:21','109','1','0','0'), ('113','2017-10-18 18:32:30','110','1','0','0'), ('114','2017-10-19 19:28:54','111','1','0','0'), ('115','2017-10-20 16:49:43','112','1','0','0'), ('116','2017-10-20 16:54:43','112','1','0','0'), ('117','2017-10-24 16:23:19','113','1','0','0'), ('118','2017-10-25 18:48:34','114','1','0','0'), ('119','2017-10-25 19:26:33','115','1','0','0'), ('120','2017-10-28 12:15:23','116','1','0','0'), ('121','2017-10-31 17:28:01','117','2','0','0'), ('122','2017-11-03 19:26:19','116','1','0','0'), ('123','2017-11-03 19:30:17','116','1','0','0'), ('124','2017-11-06 11:45:55','118','1','0','0'), ('125','2017-11-07 17:21:59','119','1','0','0'), ('126','2017-11-08 19:37:11','120','2','0','0'), ('127','2017-11-09 10:37:06','117','1','0','0'), ('128','2017-11-09 22:59:59','108','1','0','0'), ('129','2017-11-10 19:00:45','122','1','0','0'), ('130','2017-11-11 09:48:43','123','1','0','0'), ('131','2017-11-11 12:02:19','124','2','0','0'), ('132','2017-11-13 12:53:01','121','1','0','0'), ('133','2017-11-13 13:08:20','121','1','0','0'), ('134','2017-11-14 16:42:41','125','1','0','0'), ('135','2017-11-21 19:41:50','126','1','0','0'), ('136','2017-11-30 11:56:25','121','1','0','0'), ('137','2017-11-30 17:23:11','128','1','0','0'), ('138','2017-11-30 17:29:50','98','2','0','0'), ('139','2017-12-02 20:44:12','130','1','0','0'), ('140','2017-12-04 19:11:40','131','2','0','0'), ('141','2017-12-05 12:19:39','132','1','0','0'), ('142','2017-12-05 16:31:03','132','1','0','0'), ('143','2017-12-05 18:36:29','133','1','0','0'), ('144','2017-12-13 12:04:50','6','2','0','0'), ('145','2017-12-14 19:05:15','43','1','0','0'), ('146','2017-12-15 20:15:15','135','2','0','0'), ('147','2017-12-16 10:44:02','136','2','0','0'), ('148','2017-12-16 11:04:39','129','1','0','0'), ('149','2017-12-18 11:07:04','137','1','0','0'), ('150','2017-12-18 17:05:25','104','1','0','0'), ('151','2017-12-19 19:45:55','138','2','0','0'), ('152','2017-12-20 17:31:41','129','1','0','0'), ('153','2017-12-23 12:28:48','139','2','0','0'), ('154','2017-12-28 17:24:27','140','1','0','0'), ('155','2017-12-28 18:44:25','135','2','0','0'), ('156','2017-12-28 19:50:45','141','1','0','0'), ('157','2017-12-29 11:10:49','140','1','0','0'), ('158','2017-12-30 17:28:27','142','1','0','0'), ('159','2018-01-04 20:03:59','134','1','0','0'), ('160','2018-01-05 17:32:11','144','1','0','0'), ('161','2018-01-05 19:20:26','145','1','0','0'), ('162','2018-01-15 10:32:54','146','1','0','0'), ('163','2018-01-15 17:18:50','147','2','0','0'), ('164','2018-01-18 13:20:34','119','1','0','0'), ('165','2018-01-18 18:42:15','150','1','0','0'), ('166','2018-01-19 18:29:20','151','2','0','0'), ('167','2018-01-25 09:47:01','152','1','0','0'), ('168','2018-01-25 11:24:18','153','1','0','0'), ('169','2018-01-25 12:18:00','152','1','0','0'), ('170','2018-01-25 16:42:46','151','2','0','0'), ('171','2018-01-25 17:53:34','154','1','0','0'), ('172','2018-01-25 18:29:00','155','1','0','0'), ('173','2018-01-26 17:21:09','156','1','0','0'), ('174','2018-02-01 10:12:59','157','1','0','0'), ('175','2018-02-02 16:42:37','158','1','0','0'), ('176','2018-02-06 18:53:02','121','1','0','0'), ('177','2018-02-07 12:03:20','159','1','0','0'), ('178','2018-02-07 13:16:25','160','1','0','0'), ('179','2018-02-19 10:55:54','98','2','0','0'), ('180','2018-02-28 19:56:17','161','1','0','0'), ('181','2018-03-05 11:47:17','162','1','0','0'), ('182','2018-03-05 19:13:42','163','1','0','0'), ('183','2018-03-08 12:53:23','164','1','0','0'), ('184','2018-03-08 19:32:05','165','2','0','0'), ('185','2018-03-09 12:05:15','166','1','0','0'), ('186','2018-03-09 12:37:16','165','2','0','0'), ('187','2018-03-12 19:56:01','167','2','0','0'), ('188','2018-03-16 11:33:23','168','2','0','0'), ('189','2018-03-21 12:05:18','169','1','0','0'), ('190','2018-03-21 18:38:15','169','1','0','0'), ('191','2018-03-22 10:20:34','107','1','0','0'), ('192','2018-03-23 17:23:15','170','1','0','0'), ('193','2018-03-24 13:17:04','171','1','0','0'), ('194','2018-03-29 20:00:55','172','2','0','0'), ('195','2018-04-04 11:36:20','171','1','0','0'), ('196','2018-04-12 17:11:33','105','1','0','0'), ('197','2018-04-12 18:41:08','173','1','0','0'), ('198','2018-04-21 11:16:27','174','1','0','0'), ('199','2018-04-25 19:23:58','175','1','0','0'), ('200','2018-04-26 17:10:34','175','1','0','0');
INSERT INTO `presupuestos` VALUES ('201','2018-05-03 16:47:22','142','1','0','0'), ('202','2018-05-14 17:27:05','177','2','0','0'), ('203','2018-05-15 17:33:20','178','2','0','0'), ('204','2018-05-15 18:03:56','177','2','0','0'), ('205','2018-05-21 16:29:11','179','2','0','0'), ('206','2018-05-21 17:43:24','180','1','0','0'), ('207','2018-05-22 19:28:28','182','1','0','0'), ('208','2018-05-29 10:53:35','179','1','0','0'), ('209','2018-05-29 17:45:35','184','2','0','0'), ('210','2018-05-30 17:38:13','185','2','0','0'), ('211','2018-06-02 10:51:30','186','1','0','0'), ('212','2018-06-05 18:12:08','187','1','0','0'), ('213','2018-06-08 17:56:54','189','1','0','0'), ('214','2018-06-14 17:24:07','190','1','0','0'), ('215','2018-06-18 11:28:09','191','1','0','0'), ('216','2018-06-20 19:15:12','194','1','0','0'), ('217','2018-06-22 12:39:26','197','2','0','0'), ('218','2018-06-22 16:59:34','195','2','0','0'), ('219','2018-06-22 17:42:35','196','2','0','0'), ('220','2018-06-22 19:02:18','198','2','0','0'), ('221','2018-06-25 17:46:05','199','1','0','0'), ('222','2018-07-09 17:32:44','200','1','0','0'), ('223','2018-07-10 11:43:46','201','1','0','0'), ('224','2018-07-17 17:19:20','203','1','0','0'), ('225','2018-07-18 18:40:24','134','1','0','0'), ('226','2018-07-20 18:21:03','204','2','0','0'), ('227','2018-07-23 18:53:04','205','1','0','0'), ('228','2018-07-25 11:33:55','206','1','0','0'), ('229','2018-07-27 17:57:22','170','1','0','0'), ('230','2018-07-31 18:53:59','175','1','0','0'), ('231','2018-08-01 12:37:35','208','1','0','0'), ('232','2018-08-13 17:37:24','209','1','0','0'), ('233','2018-08-14 19:09:50','153','1','0','0'), ('234','2018-08-17 20:22:52','211','1','0','0'), ('235','2018-08-22 11:25:39','213','1','0','0'), ('236','2018-08-22 18:35:08','214','2','0','0'), ('237','2018-08-24 17:30:53','215','1','0','0'), ('238','2018-08-24 17:42:31','216','2','0','0'), ('239','2018-08-31 19:39:46','217','2','0','0'), ('240','2018-08-31 20:20:20','218','2','0','0'), ('241','2018-09-03 16:41:26','219','1','0','0'), ('242','2018-09-04 12:55:50','220','1','0','0'), ('243','2018-09-13 20:32:17','221','2','0','0'), ('244','2018-09-14 17:23:27','222','2','0','0'), ('245','2018-09-17 19:32:39','223','1','0','0'), ('246','2018-09-24 18:00:43','224','1','0','0'), ('247','2018-09-24 19:54:42','207','1','0','0'), ('248','2018-09-27 11:48:33','225','1','0','0'), ('249','2018-10-01 17:42:07','226','1','0','0'), ('250','2018-10-02 17:29:42','227','1','0','0'), ('251','2018-10-10 17:35:26','228','1','0','0'), ('252','2018-10-10 18:45:02','229','1','0','0'), ('253','2018-10-15 19:50:03','230','1','0','0'), ('254','2018-10-19 17:17:17','231','1','0','0'), ('255','2018-10-25 11:15:57','228','1','0','0');
INSERT INTO `presupuesto_detalles` VALUES ('252','1','12','5','0','0','1','45.00'), ('253','1','14','31','0','0','1','20.00'), ('254','1','16','31','0','0','1','20.00'), ('255','1','15','31','0','0','1','20.00'), ('256','1','24','31','0','0','1','20.00'), ('257','1','25','31','0','0','1','20.00'), ('258','1','26','31','0','0','1','20.00'), ('259','1','46','7','0','0','1','45.00'), ('260','1','45','31','0','0','1','20.00'), ('261','1','44','31','0','0','1','20.00'), ('262','1','34','31','0','0','1','20.00'), ('263','1','35','31','0','0','1','20.00'), ('264','1','36','31','0','0','1','20.00'), ('265','1','81','32','0','0','1','50.00'), ('266','1','71','34','0','0','1','75.00'), ('267','2','17','31','0','0','1','20.00'), ('268','2','16','31','0','0','1','20.00'), ('269','2','15','31','0','0','1','20.00'), ('270','2','14','31','0','0','1','20.00'), ('271','2','24','31','0','0','1','20.00'), ('272','2','25','31','0','0','1','20.00'), ('273','2','26','31','0','0','1','20.00'), ('274','2','27','31','0','0','1','20.00'), ('275','2','44','31','0','0','1','20.00'), ('276','2','45','31','0','0','1','20.00'), ('277','2','46','31','0','0','1','20.00'), ('278','2','47','31','0','0','1','20.00'), ('279','2','34','31','0','0','1','20.00'), ('280','2','35','31','0','0','1','20.00'), ('281','2','36','31','0','0','1','20.00'), ('282','2','37','31','0','0','1','20.00'), ('283','2','35','3','0','0','1','45.00'), ('284','2','41','32','0','0','1','50.00'), ('285','2','31','33','0','0','1','45.00'), ('286','3','14','31','0','0','1','20.00'), ('287','3','15','31','0','0','1','20.00'), ('288','3','16','31','0','0','1','20.00'), ('289','3','17','31','0','0','1','20.00'), ('290','3','24','31','0','0','1','20.00'), ('291','3','25','31','0','0','1','20.00'), ('292','3','26','31','0','0','1','20.00'), ('293','3','27','31','0','0','1','20.00'), ('294','3','44','31','0','0','1','20.00'), ('295','3','45','31','0','0','1','20.00'), ('296','3','46','7','5','0','1','45.00'), ('297','3','47','31','0','0','1','20.00'), ('298','3','34','31','0','0','1','20.00'), ('299','3','35','31','0','0','1','20.00'), ('300','3','36','5','7','0','1','45.00'), ('301','3','37','31','0','0','1','20.00'), ('302','3','41','32','0','0','1','50.00'), ('303','3','31','33','0','0','1','45.00'), ('304','4','18','3','7','0','1','45.00'), ('305','4','47','3','7','0','1','45.00'), ('306','4','21','7','0','0','1','45.00'), ('307','4','28','4','0','0','1','40.00'), ('308','4','37','7','0','0','1','45.00'), ('309','4','38','7','0','0','1','45.00'), ('310','4','22','49','0','0','1','60.00'), ('311','4','23','49','0','0','1','60.00'), ('312','4','11','49','0','0','1','60.00'), ('313','4','12','49','0','0','1','60.00'), ('314','4','13','49','0','0','1','60.00'), ('315','4','33','49','0','0','1','60.00'), ('316','4','32','49','0','0','1','60.00'), ('317','4','31','49','0','0','1','60.00'), ('318','4','41','49','0','0','1','60.00'), ('319','4','42','49','0','0','1','60.00'), ('320','4','43','49','0','0','1','60.00'), ('321','4','12','36','0','0','1','60.00'), ('322','4','41','65','0','0','1','170.00'), ('323','5','17','7','0','0','1','45.00'), ('324','5','26','7','3','0','1','45.00'), ('325','5','47','7','0','0','1','45.00'), ('326','5','45','7','0','0','1','45.00'), ('327','5','44','7','0','0','1','45.00'), ('328','5','34','7','0','0','1','45.00'), ('329','5','35','7','0','0','1','45.00'), ('330','5','36','7','2','5','1','45.00'), ('331','5','37','7','0','0','1','45.00'), ('332','5','38','7','0','0','1','45.00'), ('333','5','41','36','0','0','1','60.00'), ('334','5','41','32','0','0','1','50.00'), ('335','5','41','33','0','0','1','45.00'), ('336','6','18','7','0','0','1','45.00'), ('337','6','17','5','0','0','1','45.00'), ('338','6','16','7','5','0','1','45.00'), ('339','6','25','7','3','0','1','45.00'), ('340','6','27','7','0','0','1','45.00'), ('341','6','28','7','0','0','1','45.00'), ('342','6','36','7','0','0','1','45.00'), ('343','6','37','7','0','0','1','45.00'), ('344','6','48','4','0','0','1','40.00'), ('345','6','47','7','5','0','1','45.00'), ('346','6','11','49','0','0','1','60.00'), ('347','6','12','49','0','0','1','60.00'), ('348','6','13','49','0','0','1','60.00'), ('349','6','21','49','0','0','1','60.00'), ('350','6','22','49','0','0','1','60.00'), ('351','6','23','49','0','0','1','60.00');
INSERT INTO `presupuesto_detalles` VALUES ('352','6','43','49','0','0','1','60.00'), ('353','6','42','49','0','0','1','60.00'), ('354','6','41','49','0','0','1','60.00'), ('355','6','31','49','0','0','1','60.00'), ('356','6','32','49','0','0','1','60.00'), ('357','6','33','49','0','0','1','60.00'), ('358','6','41','35','0','0','1','40.00'), ('359','6','41','32','0','0','1','50.00'), ('360','6','41','34','0','0','1','75.00'), ('361','6','41','65','0','0','1','170.00'), ('362','6','46','63','0','0','1','20.00'), ('363','6','48','63','0','0','1','20.00'), ('364','7','18','7','0','0','1','45.00'), ('365','7','21','7','4','5','1','45.00'), ('366','7','47','7','0','0','1','45.00'), ('367','7','46','7','5','0','1','45.00'), ('368','7','34','7','0','0','1','45.00'), ('369','7','36','7','5','0','1','45.00'), ('370','7','37','7','0','0','1','45.00'), ('371','7','22','49','0','0','1','60.00'), ('372','7','23','49','0','0','1','60.00'), ('373','7','11','49','0','0','1','60.00'), ('374','7','12','49','0','0','1','60.00'), ('375','7','13','49','0','0','1','60.00'), ('376','7','43','49','0','0','1','60.00'), ('377','7','42','49','0','0','1','60.00'), ('378','7','41','49','0','0','1','60.00'), ('379','7','31','49','0','0','1','60.00'), ('380','7','32','49','0','0','1','60.00'), ('381','7','33','49','0','0','1','60.00'), ('382','7','41','65','0','0','1','170.00'), ('383','7','31','32','0','0','1','50.00'), ('384','7','41','34','0','0','1','75.00'), ('385','8','15','7','0','0','1','45.00'), ('386','8','26','7','0','0','1','45.00'), ('387','8','48','7','0','0','1','45.00'), ('388','8','47','7','0','0','1','45.00'), ('389','8','46','7','3','0','1','45.00'), ('390','8','45','7','0','0','1','45.00'), ('391','8','36','7','0','0','1','45.00'), ('392','8','37','7','0','0','1','45.00'), ('393','8','35','7','3','5','1','45.00'), ('394','8','35','16','0','0','1','240.00'), ('395','8','41','32','0','0','1','50.00'), ('396','8','41','35','0','0','1','40.00'), ('397','8','41','34','0','0','1','75.00'), ('398','8','35','63','0','0','1','20.00'), ('399','9','16','7','0','0','1','45.00'), ('400','9','26','7','0','0','1','45.00'), ('401','9','27','7','0','0','1','45.00'), ('402','9','28','7','0','0','1','45.00'), ('403','9','47','7','0','0','1','45.00'), ('404','9','46','7','5','0','1','45.00'), ('405','9','35','7','0','0','1','45.00'), ('406','9','36','63','0','0','1','20.00'), ('407','9','36','17','0','0','1','290.00'), ('408','9','41','35','0','0','1','40.00'), ('409','9','31','32','0','0','1','50.00'), ('410','9','31','33','0','0','1','45.00'), ('411','9','41','64','0','0','1','30.00'), ('412','9','36','23','0','0','1','150.00'), ('413','9','36','9','0','0','1','400.00'), ('414','10','18','7','0','0','1','45.00'), ('415','10','17','7','0','0','1','45.00'), ('416','10','26','7','5','0','1','45.00'), ('417','10','27','7','0','0','1','45.00'), ('418','10','46','5','7','0','1','45.00'), ('419','10','36','7','0','0','1','45.00'), ('420','10','37','7','0','0','1','45.00'), ('421','10','41','32','0','0','1','50.00'), ('422','10','31','33','0','0','1','45.00'), ('423','10','47','7','0','0','1','45.00'), ('424','11','55','31','0','0','1','20.00'), ('425','11','85','31','0','0','1','20.00'), ('426','11','75','31','0','0','1','20.00'), ('427','11','74','7','0','0','1','45.00'), ('428','11','84','7','0','0','1','45.00'), ('429','11','54','7','0','0','1','45.00'), ('430','11','64','7','0','0','1','45.00'), ('431','11','65','7','0','0','1','45.00'), ('432','11','81','12','0','0','1','35.00'), ('433','11','41','34','0','0','1','75.00'), ('434','11','31','64','0','0','1','30.00'), ('435','12','17','7','0','0','1','45.00'), ('436','12','16','7','5','0','1','45.00'), ('437','12','26','7','0','0','1','45.00'), ('438','12','31','3','0','0','1','45.00'), ('439','12','34','5','0','0','1','45.00'), ('440','12','35','7','0','0','1','45.00'), ('441','12','41','32','0','0','1','50.00'), ('442','12','41','35','0','0','1','40.00'), ('443','12','11','69','0','0','1','10.00'), ('444','12','41','72','0','0','1','450.00'), ('445','12','28','63','0','0','1','20.00'), ('446','12','81','33','0','0','1','45.00'), ('447','13','81','35','0','0','1','40.00'), ('448','13','81','32','0','0','1','50.00'), ('449','13','71','33','0','0','1','45.00'), ('450','13','11','51','0','0','1','90.00'), ('451','13','14','7','0','0','1','45.00');
INSERT INTO `presupuesto_detalles` VALUES ('452','13','16','7','0','0','1','45.00'), ('453','13','18','7','0','0','1','45.00'), ('454','13','24','7','0','0','1','45.00'), ('455','13','26','7','5','0','1','45.00'), ('456','13','27','7','0','0','1','45.00'), ('457','13','37','7','0','0','1','45.00'), ('458','13','36','5','7','0','1','45.00'), ('459','13','35','7','0','0','1','45.00'), ('460','13','45','7','5','0','1','45.00'), ('461','13','47','7','0','0','1','45.00'), ('462','13','21','64','0','0','1','30.00'), ('463','14','81','35','0','0','1','40.00'), ('464','14','81','32','0','0','1','50.00'), ('465','14','71','34','0','0','1','75.00'), ('466','14','17','7','0','0','1','45.00'), ('467','14','47','7','0','0','1','45.00'), ('468','14','46','7','0','0','1','45.00'), ('469','14','36','7','5','0','1','45.00'), ('470','14','37','7','0','0','1','45.00'), ('471','14','31','64','0','0','1','30.00'), ('472','15','11','64','0','0','1','30.00'), ('473','15','21','36','0','0','1','60.00'), ('474','15','21','32','0','0','1','50.00'), ('475','15','21','33','0','0','1','45.00'), ('476','15','16','6','0','0','1','40.00'), ('477','15','15','6','0','0','1','40.00'), ('478','15','14','6','0','0','1','40.00'), ('479','15','24','6','0','0','1','40.00'), ('480','15','26','6','0','0','1','40.00'), ('481','15','35','6','0','0','1','40.00'), ('482','15','34','6','0','0','1','40.00'), ('483','15','44','6','0','0','1','40.00'), ('484','15','12','4','3','0','1','40.00'), ('485','15','15','7','0','0','1','45.00'), ('486','15','24','45','0','0','1','320.00'), ('487','15','24','23','0','0','1','150.00'), ('488','15','24','9','0','0','1','400.00'), ('489','15','25','9','0','0','1','400.00'), ('490','15','26','9','0','0','1','400.00'), ('491','15','26','7','5','0','1','45.00'), ('492','15','37','7','5','0','1','45.00'), ('493','15','36','7','5','0','1','45.00'), ('494','15','35','7','0','0','1','45.00'), ('495','15','47','26','0','0','1','200.00'), ('496','15','48','7','0','0','1','45.00'), ('497','15','24','63','0','0','1','20.00'), ('498','15','47','63','0','0','1','20.00'), ('499','16','21','32','0','0','1','50.00'), ('500','16','11','33','0','0','1','45.00'), ('501','16','53','84','0','0','1','15.00'), ('502','16','74','84','0','0','1','15.00'), ('503','16','84','84','0','0','1','15.00'), ('504','16','16','7','0','0','1','45.00'), ('505','16','26','7','0','0','1','45.00'), ('506','16','36','7','0','0','1','45.00'), ('507','16','54','5','0','0','1','45.00'), ('508','16','84','12','0','0','1','35.00'), ('509','16','74','12','0','0','1','35.00'), ('510','16','31','64','0','0','1','30.00'), ('511','17','18','41','0','0','1','60.00'), ('512','17','18','14','0','0','1','200.00'), ('513','17','17','7','0','0','1','45.00'), ('514','17','16','7','5','0','1','45.00'), ('515','17','15','7','0','0','1','45.00'), ('516','17','14','7','0','0','1','45.00'), ('517','17','13','7','0','0','1','45.00'), ('518','17','22','7','0','0','1','45.00'), ('519','17','23','7','0','0','1','45.00'), ('520','17','24','7','0','0','1','45.00'), ('521','17','25','7','0','0','1','45.00'), ('522','17','26','63','0','0','1','20.00'), ('523','17','26','17','0','0','1','290.00'), ('524','17','27','7','0','0','1','45.00'), ('525','17','28','13','0','0','1','70.00'), ('526','17','47','7','5','0','1','45.00'), ('527','17','45','7','0','0','1','45.00'), ('528','17','44','7','0','0','1','45.00'), ('529','17','34','7','0','0','1','45.00'), ('530','17','36','63','0','0','1','20.00'), ('531','17','36','17','0','0','1','290.00'), ('532','17','37','7','5','0','1','45.00'), ('533','17','26','9','0','0','1','400.00'), ('534','17','36','9','0','0','1','400.00'), ('535','17','26','23','0','0','1','150.00'), ('536','17','36','23','0','0','1','150.00'), ('537','17','0','36','0','0','1','60.00'), ('538','17','0','32','0','0','1','50.00'), ('539','17','0','33','0','0','1','45.00'), ('540','18','0','32','0','0','1','50.00'), ('541','18','0','35','0','0','1','40.00'), ('542','18','0','33','0','0','1','45.00'), ('543','18','0','66','0','0','1','270.00'), ('544','18','16','7','0','0','1','45.00'), ('545','18','15','7','0','0','1','45.00'), ('546','18','14','6','0','0','1','40.00'), ('547','18','13','6','0','0','1','40.00'), ('548','18','24','6','0','0','1','40.00'), ('549','18','25','6','0','0','1','40.00'), ('550','18','26','7','0','0','1','45.00'), ('551','18','38','86','0','0','1','30.00');
INSERT INTO `presupuesto_detalles` VALUES ('552','18','38','7','0','0','1','45.00'), ('553','18','36','7','5','0','1','45.00'), ('554','18','32','6','0','0','1','40.00'), ('555','18','46','7','0','0','1','45.00'), ('556','19','0','32','0','0','1','50.00'), ('557','19','0','35','0','0','1','40.00'), ('558','19','12','6','0','0','1','40.00'), ('559','19','14','6','0','0','1','40.00'), ('560','19','16','6','0','0','1','40.00'), ('561','19','31','6','0','0','1','40.00'), ('562','19','32','6','0','0','1','40.00'), ('563','19','36','6','0','0','1','40.00'), ('564','19','41','6','0','0','1','40.00'), ('565','19','42','6','0','0','1','40.00'), ('566','19','47','6','0','0','1','40.00'), ('567','20','0','32','0','0','1','50.00'), ('568','20','0','33','0','0','1','45.00'), ('569','20','0','37','0','0','1','80.00'), ('570','20','11','5','0','0','1','45.00'), ('571','20','12','5','0','0','1','45.00'), ('572','20','14','7','0','0','1','45.00'), ('573','20','15','7','0','0','1','45.00'), ('574','20','15','9','0','0','2','400.00'), ('575','20','16','9','0','0','2','400.00'), ('576','20','16','12','0','0','1','35.00'), ('577','20','17','7','0','0','1','45.00'), ('578','20','17','9','0','0','2','400.00'), ('579','20','24','7','0','0','1','45.00'), ('580','20','25','7','0','0','1','45.00'), ('581','20','25','9','0','0','2','400.00'), ('582','20','26','9','0','0','2','400.00'), ('583','20','27','7','0','0','1','45.00'), ('584','20','27','9','0','0','2','400.00'), ('585','20','34','7','0','0','1','45.00'), ('586','20','36','5','0','0','1','45.00'), ('587','20','45','9','0','0','2','400.00'), ('588','20','46','9','0','0','2','400.00'), ('589','20','47','7','3','0','1','45.00'), ('590','20','47','9','0','0','2','400.00'), ('591','20','48','7','0','0','1','45.00'), ('592','21','0','32','0','0','1','50.00'), ('593','21','0','35','0','0','1','40.00'), ('594','21','11','9','0','0','2','400.00'), ('595','21','14','7','0','0','1','45.00'), ('596','21','16','7','0','0','1','45.00'), ('597','21','21','4','0','0','1','40.00'), ('598','21','21','63','0','0','1','20.00'), ('599','21','21','9','0','0','2','400.00'), ('600','21','22','4','2','0','1','40.00'), ('601','21','24','7','0','0','1','45.00'), ('602','21','25','7','0','0','1','45.00'), ('603','21','27','7','0','0','1','45.00'), ('604','21','28','7','0','0','1','45.00'), ('605','21','34','7','0','0','1','45.00'), ('606','21','37','7','0','0','1','45.00'), ('607','21','45','7','0','0','1','45.00'), ('608','21','46','7','5','0','1','45.00'), ('609','22','0','32','0','0','1','50.00'), ('610','22','0','35','0','0','1','40.00'), ('611','22','11','15','0','0','1','190.00'), ('612','22','11','9','0','0','2','400.00'), ('613','22','14','7','0','0','1','45.00'), ('614','22','16','7','0','0','1','45.00'), ('615','22','21','4','0','0','1','40.00'), ('616','22','21','63','0','0','1','20.00'), ('617','22','21','9','0','0','2','400.00'), ('618','22','22','4','0','0','1','40.00'), ('619','22','24','7','0','0','1','45.00'), ('620','22','25','7','0','0','1','45.00'), ('621','22','27','7','0','0','1','45.00'), ('622','22','28','7','0','0','1','45.00'), ('623','22','34','7','0','0','1','45.00'), ('624','22','37','7','0','0','1','45.00'), ('625','22','45','7','0','0','1','45.00'), ('626','22','46','7','5','0','1','45.00'), ('627','23','0','34','0','0','1','75.00'), ('628','23','0','67','0','0','1','30.00'), ('629','23','0','32','0','0','1','50.00'), ('630','23','16','7','0','0','1','45.00'), ('631','23','26','31','0','0','1','20.00'), ('632','23','36','5','0','0','1','45.00'), ('633','23','36','31','0','0','1','20.00'), ('634','23','46','5','0','0','1','45.00'), ('635','23','46','31','0','0','1','20.00'), ('636','23','55','31','0','0','1','20.00'), ('637','23','55','5','0','0','1','45.00'), ('638','23','65','31','0','0','1','20.00'), ('639','23','65','5','0','0','1','45.00'), ('640','23','75','5','0','0','1','45.00'), ('641','23','75','31','0','0','1','20.00'), ('642','23','84','7','0','0','1','45.00'), ('643','23','85','5','0','0','1','45.00'), ('644','23','85','31','0','0','1','20.00'), ('645','24','0','32','0','0','1','50.00'), ('646','24','0','12','0','0','1','35.00'), ('647','24','0','39','0','0','1','150.00'), ('648','24','0','41','0','0','1','60.00'), ('649','24','0','34','0','0','1','75.00'), ('650','24','21','12','0','0','1','35.00'), ('651','24','54','31','0','0','1','20.00');
INSERT INTO `presupuesto_detalles` VALUES ('652','24','55','31','0','0','1','20.00'), ('653','24','64','31','0','0','1','20.00'), ('654','24','65','31','0','0','1','20.00'), ('655','24','74','31','0','0','1','20.00'), ('656','24','75','31','0','0','1','20.00'), ('657','24','84','7','0','0','1','45.00'), ('658','24','84','84','0','0','1','15.00'), ('659','24','85','31','0','0','1','20.00'), ('660','25','0','35','0','0','1','40.00'), ('661','25','0','33','0','0','1','45.00'), ('662','25','0','32','0','0','1','50.00'), ('663','25','14','7','0','0','1','45.00'), ('664','25','15','7','0','0','1','45.00'), ('665','25','16','7','0','0','1','45.00'), ('666','25','17','7','0','0','1','45.00'), ('667','25','24','7','0','0','1','45.00'), ('668','25','25','7','0','0','1','45.00'), ('669','25','26','7','0','0','1','45.00'), ('670','25','27','7','0','0','1','45.00'), ('671','25','36','7','5','0','1','45.00'), ('672','25','37','7','0','0','1','45.00'), ('673','25','46','63','0','0','1','20.00'), ('674','25','46','12','0','0','1','35.00'), ('675','25','47','7','0','0','1','45.00'), ('676','26','0','64','0','0','1','30.00'), ('677','26','0','33','0','0','1','45.00'), ('678','26','0','35','0','0','1','40.00'), ('679','26','0','32','0','0','1','50.00'), ('680','26','14','31','0','0','1','20.00'), ('681','26','15','31','0','0','1','20.00'), ('682','26','16','31','0','0','1','20.00'), ('683','26','17','31','0','0','1','20.00'), ('684','26','24','31','0','0','1','20.00'), ('685','26','25','31','0','0','1','20.00'), ('686','26','26','31','0','0','1','20.00'), ('687','26','27','31','0','0','1','20.00'), ('688','26','34','31','0','0','1','20.00'), ('689','26','35','31','0','0','1','20.00'), ('690','26','36','31','0','0','1','20.00'), ('691','26','37','31','0','0','1','20.00'), ('692','26','44','31','0','0','1','20.00'), ('693','26','45','31','0','0','1','20.00'), ('694','26','46','31','0','0','1','20.00'), ('695','27','0','32','0','0','1','50.00'), ('696','27','0','33','0','0','1','45.00'), ('697','27','0','37','0','0','1','80.00'), ('698','27','0','64','0','0','1','30.00'), ('699','27','18','7','0','0','1','45.00'), ('700','27','27','7','0','0','1','45.00'), ('701','27','28','14','0','0','1','200.00'), ('702','27','28','63','0','0','1','20.00'), ('703','27','35','7','0','0','1','45.00'), ('704','27','36','9','0','0','2','400.00'), ('705','27','36','45','0','0','2','320.00'), ('706','27','36','23','0','0','2','150.00'), ('707','27','36','63','0','0','1','20.00'), ('708','27','37','7','0','0','1','45.00'), ('709','27','45','7','0','0','1','45.00'), ('710','27','46','7','0','0','1','45.00'), ('711','27','47','7','0','0','1','45.00'), ('712','27','48','63','0','0','1','20.00'), ('713','28','0','35','0','0','1','40.00'), ('714','28','0','33','0','0','1','45.00'), ('715','28','0','64','0','0','1','30.00'), ('716','28','0','32','0','0','1','50.00'), ('717','28','16','7','0','0','1','45.00'), ('718','28','16','6','0','0','1','40.00'), ('719','28','17','7','0','0','1','45.00'), ('720','28','25','6','0','0','1','40.00'), ('721','28','31','6','0','0','1','40.00'), ('722','28','32','6','0','0','1','40.00'), ('723','28','36','63','0','0','1','20.00'), ('724','28','37','7','0','0','1','45.00'), ('725','28','41','6','0','0','1','40.00'), ('726','28','42','6','0','0','1','40.00'), ('727','29','0','64','0','0','1','30.00'), ('728','29','0','37','0','0','1','80.00'), ('729','29','0','53','0','0','1','500.00'), ('730','29','0','32','0','0','1','50.00'), ('731','29','13','3','0','0','1','45.00'), ('732','29','14','3','7','0','1','45.00'), ('733','29','14','85','0','0','1','30.00'), ('734','29','17','63','0','0','1','20.00'), ('735','29','17','12','0','0','1','35.00'), ('736','29','18','53','0','0','1','500.00'), ('737','29','25','3','7','0','1','45.00'), ('738','29','27','7','0','0','1','45.00'), ('739','29','28','7','0','0','1','45.00'), ('740','29','34','7','0','0','1','45.00'), ('741','29','35','4','7','3','1','40.00'), ('742','29','45','7','4','0','1','45.00'), ('743','29','45','85','0','0','1','30.00'), ('744','29','48','14','0','0','1','200.00'), ('745','29','48','63','0','0','1','20.00'), ('746','30','11','9','0','0','2','400.00'), ('747','30','12','9','0','0','2','400.00'), ('748','31','0','64','0','0','1','30.00'), ('749','31','0','33','0','0','1','45.00'), ('750','31','0','36','0','0','1','60.00'), ('751','31','0','32','0','0','1','50.00');
INSERT INTO `presupuesto_detalles` VALUES ('752','31','14','7','0','0','1','45.00'), ('753','31','14','6','0','0','1','40.00'), ('754','31','15','6','0','0','1','40.00'), ('755','31','16','7','0','0','1','45.00'), ('756','31','16','6','0','0','1','40.00'), ('757','31','17','7','0','0','1','45.00'), ('758','31','18','7','0','0','1','45.00'), ('759','31','26','7','0','0','1','45.00'), ('760','31','26','6','0','0','1','40.00'), ('761','31','27','6','0','0','1','40.00'), ('762','31','27','7','0','0','1','45.00'), ('763','31','36','17','0','0','1','290.00'), ('764','31','36','23','0','0','1','150.00'), ('765','31','36','9','0','0','1','400.00'), ('766','31','36','63','0','0','1','20.00'), ('767','31','37','7','0','0','1','45.00'), ('768','31','44','7','0','0','1','45.00'), ('769','31','47','7','0','0','1','45.00'), ('770','32','0','53','0','0','1','500.00'), ('771','32','16','6','0','0','1','40.00'), ('772','32','16','7','0','0','1','45.00'), ('773','32','17','7','0','0','1','45.00'), ('774','32','25','6','0','0','1','40.00'), ('775','32','31','6','0','0','1','40.00'), ('776','32','32','6','0','0','1','40.00'), ('777','32','36','13','0','0','1','70.00'), ('778','32','37','7','4','0','1','45.00'), ('779','32','41','6','0','0','1','40.00'), ('780','32','42','6','0','0','1','40.00'), ('781','32','43','9','0','0','1','400.00'), ('782','32','43','63','0','0','1','20.00'), ('783','32','45','41','0','0','1','60.00'), ('784','32','45','12','0','0','1','35.00'), ('785','32','46','13','0','0','1','70.00'), ('786','32','48','9','0','0','1','400.00'), ('787','33','0','64','0','0','1','30.00'), ('788','33','0','32','0','0','1','50.00'), ('789','33','0','34','0','0','1','75.00'), ('790','33','51','84','0','0','1','15.00'), ('791','33','61','21','0','0','1','170.00'), ('792','33','65','84','0','0','1','15.00'), ('793','33','65','20','0','0','1','120.00'), ('794','33','74','84','0','0','1','15.00'), ('795','33','74','21','0','0','1','170.00'), ('796','33','75','20','0','0','1','120.00'), ('797','33','84','84','0','0','1','15.00'), ('798','33','84','21','0','0','1','170.00'), ('799','34','0','35','0','0','1','40.00'), ('800','34','0','32','0','0','1','50.00'), ('801','34','0','33','0','0','1','45.00'), ('802','34','0','64','0','0','1','30.00'), ('803','34','13','6','0','0','1','40.00'), ('804','34','16','7','5','0','1','45.00'), ('805','34','25','7','3','0','1','45.00'), ('806','34','25','6','0','0','1','40.00'), ('807','34','26','6','0','0','1','40.00'), ('808','34','26','7','0','0','1','45.00'), ('809','34','34','6','0','0','1','40.00'), ('810','34','34','7','4','0','1','45.00'), ('811','34','35','7','0','0','1','45.00'), ('812','34','35','6','0','0','1','40.00'), ('813','34','38','12','0','0','1','35.00'), ('814','34','42','6','0','0','1','40.00'), ('815','34','43','6','0','0','1','40.00'), ('816','34','45','7','0','0','1','45.00'), ('817','34','48','7','0','0','1','45.00'), ('818','35','0','32','0','0','1','50.00'), ('819','35','0','33','0','0','1','45.00'), ('820','35','0','35','0','0','1','40.00'), ('821','35','14','7','0','0','1','45.00'), ('822','35','15','7','4','0','1','45.00'), ('823','35','17','7','5','0','1','45.00'), ('824','35','24','7','0','0','1','45.00'), ('825','35','25','7','0','0','1','45.00'), ('826','35','26','63','0','0','1','20.00'), ('827','35','26','86','0','0','1','30.00'), ('828','35','26','2','5','7','1','45.00'), ('829','35','27','7','0','0','1','45.00'), ('830','35','34','7','0','0','1','45.00'), ('831','35','35','7','0','0','1','45.00'), ('832','35','36','7','5','0','1','45.00'), ('833','35','44','7','0','0','1','45.00'), ('834','35','45','7','0','0','1','45.00'), ('835','35','46','7','5','0','1','45.00'), ('836','35','47','7','5','0','1','45.00'), ('837','36','0','32','0','0','1','50.00'), ('838','36','0','64','0','0','1','30.00'), ('839','36','0','34','0','0','1','75.00'), ('840','36','54','31','0','0','1','20.00'), ('841','36','55','31','0','0','1','20.00'), ('842','36','64','31','0','0','1','20.00'), ('843','36','65','31','0','0','1','20.00'), ('844','36','74','31','0','0','1','20.00'), ('845','36','75','31','0','0','1','20.00'), ('846','36','84','31','0','0','1','20.00'), ('847','36','85','31','0','0','1','20.00'), ('848','37','0','64','0','0','1','30.00'), ('849','37','0','35','0','0','1','40.00'), ('850','37','0','33','0','0','1','45.00'), ('851','37','0','32','0','0','1','50.00');
INSERT INTO `presupuesto_detalles` VALUES ('852','37','12','12','0','0','1','35.00'), ('853','37','13','63','0','0','1','20.00'), ('854','37','16','63','0','0','1','20.00'), ('855','37','18','12','0','0','1','35.00'), ('856','37','24','63','0','0','1','20.00'), ('857','37','26','63','0','0','1','20.00'), ('858','37','34','9','0','0','1','400.00'), ('859','37','45','9','0','0','1','400.00'), ('860','38','0','64','0','0','1','30.00'), ('861','38','0','36','0','0','1','60.00'), ('862','38','0','33','0','0','1','45.00'), ('863','38','0','32','0','0','1','50.00'), ('864','38','14','31','0','0','2','20.00'), ('865','38','15','31','0','0','2','20.00'), ('866','38','16','7','0','0','1','45.00'), ('867','38','17','7','0','0','1','45.00'), ('868','38','18','7','0','0','1','45.00'), ('869','38','24','31','0','0','2','20.00'), ('870','38','26','7','0','0','1','45.00'), ('871','38','27','7','0','0','1','45.00'), ('872','38','34','31','0','0','2','20.00'), ('873','38','35','31','0','0','2','20.00'), ('874','38','36','7','5','0','1','45.00'), ('875','38','37','7','0','0','1','45.00'), ('876','38','44','31','0','0','2','20.00'), ('877','38','45','31','0','0','2','20.00'), ('878','38','46','63','0','0','1','20.00'), ('879','38','46','86','0','0','1','30.00'), ('880','38','46','26','0','0','1','200.00'), ('881','38','47','7','0','0','1','45.00'), ('882','39','0','64','0','0','1','30.00'), ('883','39','0','35','0','0','1','40.00'), ('884','39','0','33','0','0','1','45.00'), ('885','39','11','9','0','0','2','400.00'), ('886','39','12','50','0','0','1','75.00'), ('887','39','13','4','2','0','1','40.00'), ('888','39','13','9','0','0','2','400.00'), ('889','39','14','8','0','0','2','100.00'), ('890','39','14','63','0','0','1','20.00'), ('891','39','15','9','0','0','2','400.00'), ('892','39','16','9','0','0','2','400.00'), ('893','39','16','63','0','0','1','20.00'), ('894','39','17','7','0','0','1','45.00'), ('895','39','17','9','0','0','2','400.00'), ('896','39','22','2','4','7','1','45.00'), ('897','39','23','2','4','7','1','45.00'), ('898','39','26','7','3','5','1','45.00'), ('899','40','0','32','0','0','1','50.00'), ('900','40','0','61','0','0','1','150.00'), ('901','40','0','34','0','0','1','75.00'), ('902','40','51','3','0','0','1','45.00'), ('903','40','54','7','0','0','1','45.00'), ('904','40','55','31','0','0','1','20.00'), ('905','40','61','4','0','0','1','40.00'), ('906','40','64','7','0','0','1','45.00'), ('907','40','65','7','0','0','1','45.00'), ('908','40','74','60','0','0','1','25.00'), ('909','40','74','7','3','0','1','45.00'), ('910','40','74','21','0','0','1','170.00'), ('911','40','75','20','0','0','1','120.00'), ('912','40','75','84','0','0','1','15.00'), ('913','40','75','4','7','0','1','40.00'), ('914','40','84','20','0','0','1','120.00'), ('915','40','84','7','0','0','1','45.00'), ('916','40','85','84','0','0','1','15.00'), ('917','40','85','60','0','0','1','25.00'), ('918','40','85','21','0','0','1','170.00'), ('919','40','85','7','3','0','1','45.00'), ('920','41','0','32','0','0','1','50.00'), ('921','41','0','33','0','0','1','45.00'), ('922','41','0','64','0','0','1','30.00'), ('923','41','64','7','0','0','1','45.00'), ('924','41','74','7','0','0','1','45.00'), ('925','41','85','7','0','0','1','45.00'), ('926','42','0','33','0','0','1','35.00'), ('927','42','0','32','0','0','1','25.00'), ('928','42','0','36','0','0','1','60.00'), ('929','42','0','64','0','0','1','0.00'), ('930','42','12','6','0','0','1','40.00'), ('931','42','15','6','0','0','1','40.00'), ('932','42','26','7','4','0','1','35.00'), ('933','42','26','86','0','0','1','30.00'), ('934','42','26','6','0','0','1','40.00'), ('935','42','26','63','0','0','1','15.00'), ('936','42','35','7','0','0','1','35.00'), ('937','42','36','7','0','0','1','35.00'), ('938','42','44','7','0','0','1','35.00'), ('939','42','46','7','3','0','1','35.00'), ('940','43','0','54','0','0','1','600.00'), ('941','43','0','91','0','0','1','1200.00'), ('942','43','14','12','0','0','1','35.00'), ('943','43','16','12','0','0','1','35.00'), ('944','43','25','12','0','0','1','35.00'), ('945','43','26','13','0','0','1','70.00'), ('946','43','34','63','0','0','1','20.00'), ('947','43','34','9','0','0','1','400.00'), ('948','43','45','63','0','0','1','20.00'), ('949','43','45','9','0','0','1','400.00'), ('950','44','0','32','0','0','1','50.00'), ('951','44','0','64','0','0','1','30.00');
INSERT INTO `presupuesto_detalles` VALUES ('952','44','0','36','0','0','1','60.00'), ('953','44','0','33','0','0','1','45.00'), ('954','44','14','7','0','0','1','45.00'), ('955','44','15','7','0','0','1','45.00'), ('956','44','16','7','0','0','1','45.00'), ('957','44','17','7','0','0','1','45.00'), ('958','44','18','7','0','0','1','45.00'), ('959','44','24','7','0','0','1','45.00'), ('960','44','25','7','0','0','1','45.00'), ('961','44','26','7','0','0','1','45.00'), ('962','44','27','7','0','0','1','45.00'), ('963','44','28','7','0','0','1','45.00'), ('964','44','36','63','0','0','1','20.00'), ('965','44','36','86','0','0','1','30.00'), ('966','44','36','7','0','0','1','45.00'), ('967','44','38','7','0','0','1','45.00'), ('968','44','45','4','0','0','1','40.00'), ('969','44','46','5','3','0','1','45.00'), ('970','45','0','33','0','0','1','45.00'), ('971','45','0','36','0','0','1','60.00'), ('972','45','0','32','0','0','1','50.00'), ('973','45','16','7','5','0','1','45.00'), ('974','45','17','7','0','0','1','45.00'), ('975','45','25','6','0','0','1','40.00'), ('976','45','25','85','0','0','1','30.00'), ('977','45','25','7','3','0','1','45.00'), ('978','45','26','4','7','5','1','40.00'), ('979','45','36','7','0','0','1','45.00'), ('980','45','37','7','0','0','1','45.00'), ('981','45','46','7','5','0','1','45.00'), ('982','45','47','7','2','0','1','45.00'), ('983','45','48','7','0','0','1','45.00'), ('984','46','0','64','0','0','1','0.00'), ('985','46','0','34','0','0','1','60.00'), ('986','46','0','32','0','0','1','25.00'), ('987','46','0','37','0','0','1','80.00'), ('988','46','14','7','0','0','1','35.00'), ('989','46','15','7','0','0','1','35.00'), ('990','46','16','7','5','0','1','35.00'), ('991','46','17','7','0','0','1','35.00'), ('992','46','24','7','0','0','1','35.00'), ('993','46','25','7','0','0','1','35.00'), ('994','46','26','7','5','0','1','35.00'), ('995','46','27','7','0','0','1','35.00'), ('996','46','37','7','0','0','1','35.00'), ('997','46','47','7','0','0','1','35.00'), ('998','46','48','7','0','0','1','35.00'), ('999','47','0','35','0','0','1','40.00'), ('1000','47','0','32','0','0','1','50.00'), ('1001','47','0','33','0','0','1','45.00'), ('1002','47','14','7','0','0','1','45.00'), ('1003','47','24','7','0','0','1','45.00'), ('1004','47','34','7','4','0','1','45.00'), ('1005','47','36','17','0','0','1','290.00'), ('1006','47','36','26','0','0','1','200.00'), ('1007','47','36','63','0','0','1','20.00'), ('1008','47','37','12','0','0','1','35.00'), ('1009','47','38','7','0','0','1','45.00'), ('1010','47','47','7','0','0','1','45.00'), ('1011','48','0','64','0','0','1','30.00'), ('1012','48','0','32','0','0','1','50.00'), ('1013','48','0','35','0','0','1','40.00'), ('1014','48','0','67','0','0','1','30.00'), ('1015','48','16','97','0','0','1','30.00'), ('1016','48','16','63','0','0','1','20.00'), ('1017','48','23','12','0','0','1','35.00'), ('1018','48','24','97','0','0','1','30.00'), ('1019','48','34','63','0','0','1','20.00'), ('1020','49','0','32','0','0','1','50.00'), ('1021','49','0','103','0','0','1','20.00'), ('1022','49','0','33','0','0','1','45.00'), ('1023','49','0','64','0','0','1','30.00'), ('1024','49','11','9','0','0','1','400.00'), ('1025','49','12','9','0','0','1','400.00'), ('1026','49','13','63','0','0','1','20.00'), ('1027','49','13','15','0','0','1','190.00'), ('1028','49','13','9','0','0','1','400.00'), ('1029','49','14','7','0','0','1','45.00'), ('1030','49','15','7','0','0','1','45.00'), ('1031','49','17','7','0','0','1','45.00'), ('1032','49','21','63','0','0','1','20.00'), ('1033','49','21','3','0','0','1','45.00'), ('1034','49','21','15','0','0','1','190.00'), ('1035','49','21','9','0','0','1','400.00'), ('1036','49','22','3','5','0','1','45.00'), ('1037','49','24','7','0','0','1','45.00'), ('1038','49','25','7','0','0','1','45.00'), ('1039','49','26','7','0','0','1','45.00'), ('1040','49','35','7','3','0','1','45.00'), ('1041','49','37','7','4','5','1','45.00'), ('1042','49','44','7','0','0','1','45.00'), ('1043','49','45','7','0','0','1','45.00'), ('1044','49','46','7','5','0','1','45.00'), ('1045','49','48','7','0','0','1','45.00'), ('1046','50','0','35','0','0','1','40.00'), ('1047','50','0','64','0','0','1','30.00'), ('1048','50','11','107','0','0','1','70.00'), ('1049','50','13','63','0','0','1','20.00'), ('1050','50','23','63','0','0','1','20.00'), ('1051','50','41','107','0','0','1','70.00');
INSERT INTO `presupuesto_detalles` VALUES ('1052','50','43','63','0','0','1','20.00'), ('1053','51','0','64','0','0','1','30.00'), ('1054','51','0','77','0','0','1','150.00'), ('1055','51','0','32','0','0','1','50.00'), ('1056','51','0','33','0','0','1','45.00'), ('1057','51','0','76','0','0','1','600.00'), ('1058','51','14','7','0','0','1','45.00'), ('1059','51','15','7','0','0','1','45.00'), ('1060','51','16','7','5','0','1','45.00'), ('1061','51','17','7','0','0','1','45.00'), ('1062','51','24','7','0','0','1','45.00'), ('1063','51','25','7','0','0','1','45.00'), ('1064','51','26','7','5','0','1','45.00'), ('1065','51','27','7','0','0','1','45.00'), ('1066','51','34','7','0','0','1','45.00'), ('1067','51','35','7','0','0','1','45.00'), ('1068','51','36','85','0','0','1','30.00'), ('1069','51','36','7','4','5','1','45.00'), ('1070','51','37','7','0','0','1','45.00'), ('1071','51','44','7','0','0','1','45.00'), ('1072','51','45','7','0','0','1','45.00'), ('1073','51','46','7','5','0','1','45.00'), ('1074','51','47','7','0','0','1','45.00'), ('1075','52','16','6','0','0','1','40.00'), ('1076','52','17','6','0','0','1','40.00'), ('1077','52','26','85','0','0','1','30.00'), ('1078','52','26','6','0','0','1','40.00'), ('1079','52','36','85','0','0','1','30.00'), ('1080','52','46','85','0','0','1','30.00'), ('1081','53','0','64','0','0','1','30.00'), ('1082','53','0','32','0','0','1','50.00'), ('1083','53','0','34','0','0','1','75.00'), ('1084','53','0','35','0','0','1','40.00'), ('1085','53','14','7','0','0','1','45.00'), ('1086','53','15','7','0','0','1','45.00'), ('1087','53','17','7','0','0','1','45.00'), ('1088','53','24','7','0','0','1','45.00'), ('1089','53','25','7','0','0','1','45.00'), ('1090','53','27','7','0','0','1','45.00'), ('1091','53','34','7','0','0','1','45.00'), ('1092','53','35','7','0','0','1','45.00'), ('1093','53','37','63','0','0','1','20.00'), ('1094','53','44','7','0','0','1','45.00'), ('1095','53','45','7','0','0','1','45.00'), ('1096','54','0','32','0','0','1','50.00'), ('1097','54','0','64','0','0','1','30.00'), ('1098','54','0','66','0','0','1','270.00'), ('1099','54','0','33','0','0','1','45.00'), ('1100','54','0','35','0','0','1','40.00'), ('1101','54','11','2','5','0','1','45.00'), ('1102','54','14','6','0','0','1','40.00'), ('1103','54','15','6','0','0','1','40.00'), ('1104','54','15','7','3','0','1','45.00'), ('1105','54','21','5','2','0','1','45.00'), ('1106','54','32','6','0','0','1','40.00'), ('1107','55','0','34','0','0','1','75.00'), ('1108','55','0','35','0','0','1','40.00'), ('1109','55','0','32','0','0','1','50.00'), ('1110','55','0','64','0','0','1','30.00'), ('1111','55','11','63','0','0','1','20.00'), ('1112','55','12','63','0','0','1','20.00'), ('1113','55','14','7','0','0','1','45.00'), ('1114','55','15','7','0','0','1','45.00'), ('1115','55','16','7','5','0','1','45.00'), ('1116','55','17','7','0','0','1','45.00'), ('1117','55','24','7','0','0','1','45.00'), ('1118','55','25','7','0','0','1','45.00'), ('1119','55','26','7','0','0','1','45.00'), ('1120','55','27','7','0','0','1','45.00'), ('1121','55','34','7','0','0','1','45.00'), ('1122','55','35','7','0','0','1','45.00'), ('1123','55','36','7','5','0','1','45.00'), ('1124','55','37','7','0','0','1','45.00'), ('1125','55','44','7','0','0','1','45.00'), ('1126','55','45','7','0','0','1','45.00'), ('1127','55','46','7','5','0','1','45.00'), ('1128','56','0','64','0','0','1','30.00'), ('1129','56','0','32','0','0','1','50.00'), ('1130','56','0','35','0','0','1','40.00'), ('1131','56','0','33','0','0','1','45.00'), ('1132','56','11','6','0','0','1','40.00'), ('1133','56','12','6','0','0','1','40.00'), ('1134','56','13','5','0','0','1','45.00'), ('1135','56','14','7','0','0','1','45.00'), ('1136','56','14','6','0','0','1','40.00'), ('1137','56','16','6','0','0','1','40.00'), ('1138','56','21','6','0','0','1','40.00'), ('1139','56','22','6','0','0','1','40.00'), ('1140','56','23','5','0','0','1','45.00'), ('1141','56','24','7','0','0','1','45.00'), ('1142','56','24','6','0','0','1','40.00'), ('1143','56','25','7','0','0','1','45.00'), ('1144','56','25','6','0','0','1','40.00'), ('1145','56','31','6','0','0','1','40.00'), ('1146','56','32','6','0','0','1','40.00'), ('1147','56','34','7','0','0','1','45.00'), ('1148','56','34','6','0','0','1','40.00'), ('1149','56','35','7','0','0','1','45.00'), ('1150','56','35','6','0','0','1','40.00'), ('1151','56','41','6','0','0','1','40.00');
INSERT INTO `presupuesto_detalles` VALUES ('1152','56','42','6','0','0','1','40.00'), ('1153','56','43','6','0','0','1','40.00'), ('1154','56','44','6','0','0','1','40.00'), ('1155','56','46','63','0','0','1','20.00'), ('1156','56','46','17','0','0','1','290.00'), ('1157','56','46','26','0','0','1','200.00'), ('1158','57','0','32','0','0','1','50.00'), ('1159','57','0','37','0','0','1','80.00'), ('1160','57','0','64','0','0','1','30.00'), ('1161','57','0','33','0','0','1','45.00'), ('1162','57','11','6','0','0','1','40.00'), ('1163','57','12','6','0','0','1','40.00'), ('1164','57','13','7','0','0','1','45.00'), ('1165','57','14','7','0','0','1','45.00'), ('1166','57','14','6','0','0','1','40.00'), ('1167','57','16','6','0','0','1','40.00'), ('1168','57','21','6','0','0','1','40.00'), ('1169','57','22','6','0','0','1','40.00'), ('1170','57','23','7','0','0','1','45.00'), ('1171','57','24','6','0','0','1','40.00'), ('1172','57','24','7','0','0','1','45.00'), ('1173','57','25','6','0','0','1','40.00'), ('1174','57','25','7','0','0','1','45.00'), ('1175','57','31','6','0','0','1','40.00'), ('1176','57','32','6','0','0','1','40.00'), ('1177','57','34','7','0','0','1','45.00'), ('1178','57','34','6','0','0','1','40.00'), ('1179','57','35','7','0','0','1','45.00'), ('1180','57','35','6','0','0','1','40.00'), ('1181','57','41','6','0','0','1','40.00'), ('1182','57','42','6','0','0','1','40.00'), ('1183','57','43','6','0','0','1','40.00'), ('1184','57','44','6','0','0','1','40.00'), ('1185','57','46','63','0','0','1','20.00'), ('1186','57','46','45','0','0','1','320.00'), ('1187','57','46','26','0','0','1','200.00'), ('1188','57','47','12','0','0','1','35.00'), ('1189','58','0','66','0','0','1','270.00'), ('1190','58','0','67','0','0','1','30.00'), ('1191','58','11','7','5','0','1','45.00'), ('1192','58','12','7','5','0','1','45.00'), ('1193','58','21','7','5','0','1','45.00'), ('1194','58','22','7','5','0','1','45.00'), ('1195','59','0','32','0','0','1','50.00'), ('1196','59','0','34','0','0','1','75.00'), ('1197','59','0','64','0','0','1','30.00'), ('1198','59','0','37','0','0','1','80.00'), ('1199','59','14','31','0','0','1','20.00'), ('1200','59','15','31','0','0','1','20.00'), ('1201','59','17','7','0','0','1','45.00'), ('1202','59','18','7','0','0','1','45.00'), ('1203','59','27','7','0','0','1','45.00'), ('1204','59','28','7','0','0','1','45.00'), ('1205','59','34','7','0','0','1','45.00'), ('1206','59','35','31','0','0','1','20.00'), ('1207','59','37','31','0','0','1','20.00'), ('1208','59','38','31','0','0','1','20.00'), ('1209','59','44','7','0','0','1','45.00'), ('1210','59','45','31','0','0','1','20.00'), ('1211','59','46','86','0','0','1','30.00'), ('1212','59','46','7','5','0','1','45.00'), ('1213','59','47','7','0','0','1','45.00'), ('1214','59','48','7','0','0','1','45.00'), ('1215','60','0','64','0','0','1','30.00'), ('1216','60','0','32','0','0','1','50.00'), ('1217','60','0','67','0','0','1','30.00'), ('1218','60','0','35','0','0','1','40.00'), ('1219','60','0','34','0','0','1','75.00'), ('1220','60','11','5','0','0','1','45.00'), ('1221','60','14','31','0','0','1','20.00'), ('1222','60','15','31','0','0','1','20.00'), ('1223','60','16','7','0','0','1','45.00'), ('1224','60','17','7','0','0','1','45.00'), ('1225','60','24','31','0','0','1','20.00'), ('1226','60','25','31','0','0','1','20.00'), ('1227','60','26','7','5','0','1','45.00'), ('1228','60','27','7','0','0','1','45.00'), ('1229','60','34','31','0','0','1','20.00'), ('1230','60','35','31','0','0','1','20.00'), ('1231','60','36','7','5','0','1','45.00'), ('1232','60','36','86','0','0','1','30.00'), ('1233','60','37','7','0','0','1','45.00'), ('1234','60','44','7','0','0','1','45.00'), ('1235','60','45','31','0','0','1','20.00'), ('1236','60','46','7','5','0','1','45.00'), ('1237','60','47','7','0','0','1','45.00'), ('1238','61','0','64','0','0','1','30.00'), ('1239','61','0','66','0','0','1','270.00'), ('1240','61','0','36','0','0','1','60.00'), ('1241','61','0','33','0','0','1','45.00'), ('1242','61','0','32','0','0','1','50.00'), ('1243','61','14','7','0','0','1','45.00'), ('1244','61','15','7','0','0','1','45.00'), ('1245','61','17','7','5','0','1','45.00'), ('1246','61','27','7','5','0','1','45.00'), ('1247','61','28','7','0','0','1','45.00'), ('1248','61','34','7','0','0','1','45.00'), ('1249','61','35','7','0','0','1','45.00'), ('1250','61','44','7','0','0','1','45.00'), ('1251','61','45','7','0','0','1','45.00');
INSERT INTO `presupuesto_detalles` VALUES ('1252','61','48','63','0','0','1','20.00'), ('1253','61','48','83','0','0','1','50.00'), ('1254','61','48','13','0','0','1','70.00'), ('1255','62','0','32','0','0','1','50.00'), ('1256','62','0','64','0','0','1','30.00'), ('1257','62','0','35','0','0','1','40.00'), ('1258','62','0','34','0','0','1','75.00'), ('1259','62','11','7','0','0','1','45.00'), ('1260','62','12','7','0','0','1','45.00'), ('1261','62','13','7','0','0','1','45.00'), ('1262','62','14','7','0','0','1','45.00'), ('1263','62','15','7','0','0','1','45.00'), ('1264','62','16','7','5','0','1','45.00'), ('1265','62','17','7','5','0','1','45.00'), ('1266','62','18','7','0','0','1','45.00'), ('1267','62','21','7','0','0','1','45.00'), ('1268','62','22','7','0','0','1','45.00'), ('1269','62','23','7','0','0','1','45.00'), ('1270','62','24','7','0','0','1','45.00'), ('1271','62','27','7','0','0','1','45.00'), ('1272','62','28','7','0','0','1','45.00'), ('1273','62','34','63','0','0','1','20.00'), ('1274','62','34','23','0','0','1','150.00'), ('1275','62','34','93','0','0','1','270.00'), ('1276','62','34','26','0','0','1','200.00'), ('1277','62','35','7','0','0','1','45.00'), ('1278','62','36','7','5','0','1','45.00'), ('1279','62','37','7','0','0','1','45.00'), ('1280','62','44','7','0','0','1','45.00'), ('1281','62','45','7','0','0','1','45.00'), ('1282','62','46','7','5','0','1','45.00'), ('1283','62','47','7','0','0','1','45.00'), ('1284','63','0','64','0','0','1','0.00'), ('1285','63','0','37','0','0','1','80.00'), ('1286','63','0','34','0','0','1','60.00'), ('1287','63','11','2','3','0','1','35.00'), ('1288','63','15','7','3','0','1','35.00'), ('1289','63','21','4','0','0','1','35.00'), ('1290','63','34','3','0','0','1','35.00'), ('1291','63','37','7','0','0','1','35.00'), ('1292','63','47','7','0','0','1','35.00'), ('1293','64','0','64','0','0','1','30.00'), ('1294','64','0','32','0','0','1','50.00'), ('1295','64','0','34','0','0','1','75.00'), ('1296','64','16','31','0','0','1','20.00'), ('1297','64','22','84','0','0','1','15.00'), ('1298','64','26','31','0','0','1','20.00'), ('1299','64','36','31','0','0','1','20.00'), ('1300','64','46','31','0','0','1','20.00'), ('1301','64','52','101','0','0','1','35.00'), ('1302','64','54','3','7','0','1','45.00'), ('1303','64','55','7','0','0','1','45.00'), ('1304','64','62','101','0','0','1','35.00'), ('1305','64','64','7','3','0','1','45.00'), ('1306','64','65','3','0','0','1','45.00'), ('1307','64','74','7','0','0','1','45.00'), ('1308','64','75','7','0','0','1','45.00'), ('1309','64','84','7','0','0','1','45.00'), ('1310','64','85','7','0','0','1','45.00'), ('1311','65','0','37','0','0','1','80.00'), ('1312','65','0','67','0','0','1','30.00'), ('1313','65','0','34','0','0','1','75.00'), ('1314','65','0','64','0','0','1','30.00'), ('1315','65','11','2','0','0','1','45.00'), ('1316','65','16','6','0','0','1','40.00'), ('1317','65','21','2','0','0','1','45.00'), ('1318','65','34','3','0','0','1','45.00'), ('1319','65','35','7','4','0','1','45.00'), ('1320','65','35','6','0','0','1','40.00'), ('1321','65','44','7','0','0','1','45.00'), ('1322','65','47','63','0','0','1','20.00'), ('1323','65','47','17','0','0','1','290.00'), ('1324','65','47','23','0','0','1','150.00'), ('1325','66','0','37','0','0','1','80.00'), ('1326','66','0','64','0','0','1','30.00'), ('1327','66','0','32','0','0','1','50.00'), ('1328','66','0','34','0','0','1','75.00'), ('1329','66','11','2','0','0','1','45.00'), ('1330','66','16','6','0','0','1','40.00'), ('1331','66','21','2','0','0','1','45.00'), ('1332','66','34','3','0','0','1','45.00'), ('1333','66','35','4','7','0','1','40.00'), ('1334','66','35','6','0','0','1','40.00'), ('1335','66','44','7','0','0','1','45.00'), ('1336','66','47','63','0','0','1','20.00'), ('1337','66','47','17','0','0','1','290.00'), ('1338','66','47','23','0','0','1','150.00'), ('1339','66','47','7','0','0','1','45.00'), ('1340','67','0','64','0','0','1','30.00'), ('1341','67','0','36','0','0','1','60.00'), ('1342','67','0','32','0','0','1','50.00'), ('1343','67','0','34','0','0','1','75.00'), ('1344','67','11','4','3','5','1','40.00'), ('1345','67','14','7','4','0','1','45.00'), ('1346','67','15','16','0','0','1','240.00'), ('1347','67','15','9','0','0','1','400.00'), ('1348','67','17','7','0','0','1','45.00'), ('1349','67','17','86','0','0','1','30.00'), ('1350','67','21','7','4','0','1','45.00'), ('1351','67','22','4','5','3','1','40.00');
INSERT INTO `presupuesto_detalles` VALUES ('1352','67','24','7','0','0','1','45.00'), ('1353','67','34','7','0','0','1','45.00'), ('1354','67','35','7','0','0','1','45.00'), ('1355','67','36','86','0','0','1','30.00'), ('1356','67','36','7','0','0','1','45.00'), ('1357','67','37','5','0','0','1','45.00'), ('1358','67','47','7','5','0','1','45.00'), ('1359','67','48','7','0','0','1','45.00'), ('1360','68','0','64','0','0','1','30.00'), ('1361','68','0','61','0','0','1','150.00'), ('1362','68','0','32','0','0','1','50.00'), ('1363','68','0','34','0','0','1','75.00'), ('1364','68','51','12','0','0','1','35.00'), ('1365','68','51','84','0','0','1','15.00'), ('1366','68','52','5','0','0','1','45.00'), ('1367','68','53','5','0','0','1','45.00'), ('1368','68','54','7','0','0','1','45.00'), ('1369','68','55','7','0','0','1','45.00'), ('1370','68','61','12','0','0','1','35.00'), ('1371','68','62','12','0','0','1','35.00'), ('1372','68','63','5','0','0','1','45.00'), ('1373','68','64','7','0','0','1','45.00'), ('1374','68','64','21','0','0','1','170.00'), ('1375','68','64','63','0','0','1','20.00'), ('1376','68','64','85','0','0','1','30.00'), ('1377','68','65','7','0','0','1','45.00'), ('1378','68','74','7','0','0','1','45.00'), ('1379','68','74','85','0','0','1','30.00'), ('1380','68','74','20','0','0','1','120.00'), ('1381','68','74','84','0','0','1','15.00'), ('1382','68','75','7','0','0','1','45.00'), ('1383','68','84','7','0','0','1','45.00'), ('1384','68','85','7','0','0','1','45.00'), ('1385','69','0','64','0','0','1','0.00'), ('1386','69','0','37','0','0','1','80.00'), ('1387','69','0','32','0','0','1','25.00'), ('1388','69','11','63','0','0','1','15.00'), ('1389','69','12','12','0','0','1','30.00'), ('1390','69','16','7','0','0','1','35.00'), ('1391','69','17','7','0','0','1','35.00'), ('1392','69','21','12','0','0','1','30.00'), ('1393','69','26','7','0','0','1','35.00'), ('1394','69','27','7','0','0','1','35.00'), ('1395','69','34','7','5','0','1','35.00'), ('1396','69','35','7','5','0','1','35.00'), ('1397','69','37','7','0','0','1','35.00'), ('1398','69','44','7','0','0','1','35.00'), ('1399','69','45','7','0','0','1','35.00'), ('1400','69','46','7','0','0','1','35.00'), ('1401','69','47','7','0','0','1','35.00'), ('1402','70','0','64','0','0','1','30.00'), ('1403','70','0','32','0','0','1','50.00'), ('1404','70','0','34','0','0','1','75.00'), ('1405','70','0','37','0','0','1','80.00'), ('1406','70','15','7','0','0','1','45.00'), ('1407','70','16','7','5','0','1','45.00'), ('1408','70','17','7','0','0','1','45.00'), ('1409','70','18','7','0','0','1','45.00'), ('1410','70','24','7','0','0','1','45.00'), ('1411','70','25','7','0','0','1','45.00'), ('1412','70','26','7','0','0','1','45.00'), ('1413','70','27','7','0','0','1','45.00'), ('1414','70','36','5','7','0','1','45.00'), ('1415','70','36','63','0','0','1','20.00'), ('1416','70','37','7','0','0','1','45.00'), ('1417','70','38','7','0','0','1','45.00'), ('1418','70','44','6','0','0','1','40.00'), ('1419','70','46','5','0','0','1','45.00'), ('1420','70','47','7','0','0','1','45.00'), ('1421','70','48','7','0','0','1','45.00'), ('1422','71','0','64','0','0','1','30.00'), ('1423','71','15','93','0','0','1','270.00'), ('1424','71','15','23','0','0','1','150.00'), ('1425','71','15','9','0','0','1','400.00'), ('1426','72','0','32','0','0','1','50.00'), ('1427','72','0','64','0','0','1','30.00'), ('1428','72','0','35','0','0','1','40.00'), ('1429','72','0','34','0','0','1','75.00'), ('1430','72','14','6','0','0','1','40.00'), ('1431','72','17','7','5','5','1','45.00'), ('1432','72','17','6','0','0','1','40.00'), ('1433','72','24','7','0','0','1','45.00'), ('1434','72','26','7','0','0','1','45.00'), ('1435','72','36','7','5','0','1','45.00'), ('1436','72','37','7','5','0','1','45.00'), ('1437','72','38','7','0','0','1','45.00'), ('1438','72','44','6','0','0','1','40.00'), ('1439','72','45','6','0','0','1','40.00'), ('1440','72','46','7','5','0','1','45.00'), ('1441','72','46','6','0','0','1','40.00'), ('1442','72','48','7','0','0','1','45.00'), ('1443','73','11','9','0','0','1','400.00'), ('1444','73','12','9','0','0','1','400.00'), ('1445','73','13','7','0','0','1','45.00'), ('1446','73','13','15','0','0','1','190.00'), ('1447','73','13','9','0','0','1','400.00'), ('1448','73','21','7','0','0','1','45.00'), ('1449','73','21','15','0','0','1','190.00'), ('1450','73','21','9','0','0','1','400.00'), ('1451','73','22','4','0','0','1','40.00');
INSERT INTO `presupuesto_detalles` VALUES ('1452','74','0','32','0','0','1','25.00'), ('1453','74','0','34','0','0','1','60.00'), ('1454','74','14','31','0','0','1','15.00'), ('1455','74','15','31','0','0','1','15.00'), ('1456','74','16','7','0','0','1','35.00'), ('1457','74','24','31','0','0','1','15.00'), ('1458','74','25','31','0','0','1','15.00'), ('1459','74','26','7','0','0','1','35.00'), ('1460','74','34','31','0','0','1','15.00'), ('1461','74','35','31','0','0','1','15.00'), ('1462','74','36','7','5','0','1','35.00'), ('1463','74','44','31','0','0','1','15.00'), ('1464','74','45','31','0','0','1','15.00'), ('1465','74','46','5','0','0','1','35.00'), ('1466','75','0','32','0','0','1','25.00'), ('1467','75','0','64','0','0','1','0.00'), ('1468','75','0','34','0','0','1','60.00'), ('1469','75','14','31','0','0','1','15.00'), ('1470','75','15','31','0','0','1','15.00'), ('1471','75','16','7','0','0','1','35.00'), ('1472','75','17','31','0','0','1','15.00'), ('1473','75','24','31','0','0','1','15.00'), ('1474','75','25','31','0','0','1','15.00'), ('1475','75','26','7','0','0','1','35.00'), ('1476','75','27','31','0','0','1','15.00'), ('1477','75','34','31','0','0','1','15.00'), ('1478','75','35','31','0','0','1','15.00'), ('1479','75','36','5','7','0','1','35.00'), ('1480','75','44','31','0','0','1','15.00'), ('1481','75','45','31','0','0','1','15.00'), ('1482','75','46','5','0','0','1','35.00'), ('1483','76','0','35','0','0','1','40.00'), ('1484','76','0','66','0','0','1','270.00'), ('1485','76','0','32','0','0','1','50.00'), ('1486','76','0','33','0','0','1','45.00'), ('1487','76','17','7','4','5','1','45.00'), ('1488','76','17','85','0','0','1','30.00'), ('1489','76','26','63','0','0','1','20.00'), ('1490','76','27','7','3','5','1','45.00'), ('1491','76','27','85','0','0','1','30.00'), ('1492','76','33','4','0','0','1','40.00'), ('1493','76','43','5','0','0','1','45.00'), ('1494','76','44','7','3','0','1','45.00'), ('1495','76','46','97','0','0','1','30.00'), ('1496','77','0','64','0','0','1','30.00'), ('1497','77','0','34','0','0','1','75.00'), ('1498','77','0','32','0','0','1','50.00'), ('1499','77','0','37','0','0','1','80.00'), ('1500','77','12','3','5','0','2','45.00'), ('1501','77','15','7','0','0','2','45.00'), ('1502','77','16','7','0','0','2','45.00'), ('1503','77','17','7','0','0','2','45.00'), ('1504','77','24','7','0','0','2','45.00'), ('1505','77','25','7','0','0','2','45.00'), ('1506','77','26','63','0','0','1','20.00'), ('1507','77','27','7','0','0','2','45.00'), ('1508','77','35','7','0','0','2','45.00'), ('1509','77','36','7','0','0','2','45.00'), ('1510','77','37','7','0','0','2','45.00'), ('1511','77','45','7','0','0','2','45.00'), ('1512','77','47','63','0','0','1','20.00'), ('1513','77','47','7','3','5','2','45.00'), ('1514','78','0','64','0','0','1','30.00'), ('1515','78','0','32','0','0','1','50.00'), ('1516','78','0','37','0','0','1','80.00'), ('1517','78','11','3','0','0','1','45.00'), ('1518','78','14','7','0','0','1','45.00'), ('1519','78','16','7','5','0','1','45.00'), ('1520','78','17','7','5','0','1','45.00'), ('1521','78','18','7','0','0','1','45.00'), ('1522','78','21','3','0','0','1','45.00'), ('1523','78','22','5','4','0','1','45.00'), ('1524','78','26','7','5','0','1','45.00'), ('1525','78','27','7','5','0','1','45.00'), ('1526','78','28','7','0','0','1','45.00'), ('1527','78','34','7','0','0','1','45.00'), ('1528','78','36','12','0','0','1','35.00'), ('1529','78','37','12','0','0','1','35.00'), ('1530','78','45','7','0','0','1','45.00'), ('1531','78','46','12','0','0','1','35.00'), ('1532','78','47','12','0','0','1','35.00'), ('1533','78','48','7','5','0','1','45.00'), ('1534','79','0','64','0','0','1','0.00'), ('1535','79','0','34','0','0','1','60.00'), ('1536','79','0','37','0','0','1','80.00'), ('1537','79','0','32','0','0','1','25.00'), ('1538','79','12','82','0','0','1','50.00'), ('1539','79','12','63','0','0','1','15.00'), ('1540','79','13','13','0','0','1','60.00'), ('1541','79','14','13','0','0','1','60.00'), ('1542','79','16','13','0','0','1','60.00'), ('1543','79','17','63','0','0','1','15.00'), ('1544','79','24','63','0','0','1','15.00'), ('1545','79','25','13','0','0','1','60.00'), ('1546','79','28','7','0','0','1','35.00'), ('1547','79','37','85','0','0','1','30.00'), ('1548','79','37','7','4','0','1','35.00'), ('1549','79','47','7','0','0','1','35.00'), ('1550','80','0','64','0','0','1','30.00'), ('1551','80','0','66','0','0','1','270.00');
INSERT INTO `presupuesto_detalles` VALUES ('1552','80','0','33','0','0','1','45.00'), ('1553','80','0','34','0','0','1','75.00'), ('1554','80','0','32','0','0','1','50.00'), ('1555','80','0','37','0','0','1','80.00'), ('1556','80','11','6','0','0','1','40.00'), ('1557','80','15','7','0','0','1','45.00'), ('1558','80','16','7','0','0','1','45.00'), ('1559','80','17','7','5','0','1','45.00'), ('1560','80','21','6','0','0','1','40.00'), ('1561','80','21','51','0','0','1','90.00'), ('1562','80','22','6','0','0','1','40.00'), ('1563','80','24','7','0','0','1','45.00'), ('1564','80','25','7','0','0','1','45.00'), ('1565','80','31','51','0','0','1','90.00'), ('1566','80','32','51','0','0','1','90.00'), ('1567','80','34','7','0','0','1','45.00'), ('1568','80','35','7','0','0','1','45.00'), ('1569','80','36','7','2','0','1','45.00'), ('1570','80','37','7','0','0','1','45.00'), ('1571','80','41','51','0','0','1','90.00'), ('1572','80','44','7','0','0','1','45.00'), ('1573','80','45','7','0','0','1','45.00'), ('1574','80','47','7','5','0','1','45.00'), ('1575','81','11','11','0','0','1','500.00'), ('1576','81','12','11','0','0','1','500.00'), ('1577','81','21','11','0','0','1','500.00'), ('1578','81','22','11','0','0','1','500.00'), ('1579','82','11','9','0','0','1','400.00'), ('1580','82','12','9','0','0','1','400.00'), ('1581','82','21','9','0','0','1','400.00'), ('1582','82','22','9','0','0','1','400.00'), ('1583','83','0','32','0','0','1','50.00'), ('1584','83','0','64','0','0','1','30.00'), ('1585','83','0','34','0','0','1','75.00'), ('1586','83','0','67','0','0','1','30.00'), ('1587','83','16','31','0','0','1','20.00'), ('1588','83','26','31','0','0','1','20.00'), ('1589','83','36','31','0','0','1','20.00'), ('1590','83','46','31','0','0','1','20.00'), ('1591','83','74','31','0','0','1','20.00'), ('1592','83','75','31','0','0','1','20.00'), ('1593','83','84','31','0','0','1','20.00'), ('1594','83','85','31','0','0','1','20.00'), ('1595','84','0','64','0','0','1','30.00'), ('1596','84','0','34','0','0','1','75.00'), ('1597','84','0','32','0','0','1','50.00'), ('1598','84','0','35','0','0','1','40.00'), ('1599','84','11','5','0','0','1','45.00'), ('1600','84','12','3','0','0','1','45.00'), ('1601','84','16','7','0','0','1','45.00'), ('1602','84','17','7','0','0','1','45.00'), ('1603','84','21','5','0','0','1','45.00'), ('1604','84','25','7','3','0','1','45.00'), ('1605','84','26','63','0','0','1','20.00'), ('1606','84','27','7','0','0','1','45.00'), ('1607','84','37','7','0','0','1','45.00'), ('1608','84','46','63','0','0','1','20.00'), ('1609','84','46','7','5','0','1','45.00'), ('1610','84','47','7','0','0','1','45.00'), ('1611','85','0','64','0','0','1','30.00'), ('1612','85','0','32','0','0','1','50.00'), ('1613','85','0','33','0','0','1','45.00'), ('1614','85','0','76','0','0','1','600.00'), ('1615','85','0','77','0','0','1','150.00'), ('1616','85','16','7','0','0','1','45.00'), ('1617','85','26','7','0','0','1','45.00'), ('1618','85','36','7','0','0','1','45.00'), ('1619','86','0','64','0','0','1','30.00'), ('1620','86','0','34','0','0','1','75.00'), ('1621','86','0','32','0','0','1','50.00'), ('1622','86','54','31','0','0','1','20.00'), ('1623','86','55','31','0','0','1','20.00'), ('1624','86','64','31','0','0','1','20.00'), ('1625','86','65','31','0','0','1','20.00'), ('1626','86','74','31','0','0','1','20.00'), ('1627','86','75','31','0','0','1','20.00'), ('1628','86','84','31','0','0','1','20.00'), ('1629','86','85','31','0','0','1','20.00'), ('1644','87','0','61','0','0','1','150.00'), ('1645','87','0','32','0','0','1','50.00'), ('1646','87','0','34','0','0','1','75.00'), ('1647','87','53','5','0','0','1','45.00'), ('1648','87','54','7','0','0','1','45.00'), ('1649','87','55','7','0','0','1','45.00'), ('1650','87','64','7','0','0','1','45.00'), ('1651','87','65','7','0','0','1','45.00'), ('1652','87','74','7','0','0','1','45.00'), ('1653','87','74','20','0','0','1','120.00'), ('1654','87','75','7','0','0','1','45.00'), ('1655','87','84','7','0','0','1','45.00'), ('1656','87','84','20','0','0','1','120.00'), ('1657','87','85','7','0','0','1','45.00'), ('1658','88','0','32','0','0','1','50.00'), ('1659','88','0','33','0','0','1','45.00'), ('1660','88','0','36','0','0','1','60.00'), ('1661','88','0','64','0','0','1','30.00'), ('1662','88','16','7','5','0','1','45.00'), ('1663','88','17','7','0','0','1','45.00'), ('1664','88','22','7','0','0','1','45.00'), ('1665','88','26','7','3','5','1','45.00');
INSERT INTO `presupuesto_detalles` VALUES ('1666','88','27','7','4','0','1','45.00'), ('1667','88','36','7','5','0','1','45.00'), ('1668','88','37','7','0','0','1','45.00'), ('1669','88','46','7','0','0','1','45.00'), ('1670','88','47','7','0','0','1','45.00'), ('1671','89','0','64','0','0','1','0.00'), ('1672','89','0','36','0','0','1','60.00'), ('1673','89','0','32','0','0','1','25.00'), ('1674','89','0','34','0','0','1','60.00'), ('1675','89','15','3','7','0','1','35.00'), ('1676','89','15','85','0','0','1','30.00'), ('1677','89','15','63','0','0','1','15.00'), ('1678','89','16','7','0','0','1','35.00'), ('1679','89','17','7','0','0','1','35.00'), ('1680','89','24','7','0','0','1','35.00'), ('1681','89','25','7','0','0','1','35.00'), ('1682','89','37','7','0','0','1','35.00'), ('1683','89','38','7','0','0','1','35.00'), ('1684','89','45','16','0','0','1','220.00'), ('1685','89','45','9','0','0','1','400.00'), ('1686','89','45','63','0','0','1','15.00'), ('1687','89','45','23','0','0','1','120.00'), ('1688','89','47','7','0','0','1','35.00'), ('1689','89','48','7','0','0','1','35.00'), ('1690','90','0','64','0','0','1','30.00'), ('1691','90','0','33','0','0','1','45.00'), ('1692','90','0','35','0','0','1','40.00'), ('1693','90','0','32','0','0','1','50.00'), ('1694','90','11','5','0','0','1','45.00'), ('1695','90','12','2','5','7','1','45.00'), ('1696','90','14','31','0','0','1','20.00'), ('1697','90','15','31','0','0','1','20.00'), ('1698','90','16','7','0','0','1','45.00'), ('1699','90','17','7','0','0','1','45.00'), ('1700','90','22','5','0','0','1','45.00'), ('1701','90','24','31','0','0','1','20.00'), ('1702','90','25','31','0','0','1','20.00'), ('1703','90','26','7','0','0','1','45.00'), ('1704','90','27','7','0','0','1','45.00'), ('1705','90','34','31','0','0','1','20.00'), ('1706','90','35','31','0','0','1','20.00'), ('1707','90','36','7','0','0','1','45.00'), ('1708','90','37','7','0','0','1','45.00'), ('1709','90','38','63','0','0','1','20.00'), ('1710','90','44','31','0','0','1','20.00'), ('1711','90','45','31','0','0','1','20.00'), ('1712','90','46','7','0','0','1','45.00'), ('1713','90','47','7','0','0','1','45.00'), ('1714','90','48','63','0','0','1','20.00'), ('1715','91','0','64','0','0','1','30.00'), ('1716','91','45','9','0','0','1','400.00'), ('1717','91','46','13','0','0','1','70.00'), ('1718','91','46','9','0','0','1','400.00'), ('1719','91','47','9','0','0','1','400.00'), ('1720','92','44','7','0','0','1','45.00'), ('1721','92','35','6','0','0','1','40.00'), ('1722','92','34','7','0','0','1','45.00'), ('1723','92','34','6','0','0','1','40.00'), ('1724','92','28','7','0','0','1','45.00'), ('1725','92','26','5','0','0','1','45.00'), ('1726','92','25','96','0','0','1','10.00'), ('1727','92','24','96','0','0','1','10.00'), ('1728','92','16','6','0','0','1','40.00'), ('1729','92','16','5','0','0','1','45.00'), ('1730','92','15','96','0','0','1','10.00'), ('1731','92','14','96','0','0','1','10.00'), ('1732','92','13','5','0','0','1','45.00'), ('1733','92','12','5','0','0','1','45.00'), ('1734','92','11','3','0','0','1','45.00'), ('1735','92','0','64','0','0','1','30.00'), ('1736','92','0','67','0','0','1','30.00'), ('1737','92','0','32','0','0','1','50.00'), ('1738','92','0','34','0','0','1','75.00'), ('1739','93','47','7','0','0','1','45.00'), ('1740','93','37','7','0','0','1','45.00'), ('1741','93','36','7','0','0','1','45.00'), ('1742','93','35','7','0','0','1','45.00'), ('1743','93','34','7','0','0','1','45.00'), ('1744','93','17','7','0','0','1','45.00'), ('1745','93','16','7','0','0','1','45.00'), ('1746','93','15','7','0','0','1','45.00'), ('1747','93','14','7','0','0','1','45.00'), ('1748','93','0','32','0','0','1','50.00'), ('1749','93','0','35','0','0','1','40.00'), ('1750','93','0','33','0','0','1','45.00'), ('1751','93','0','64','0','0','1','30.00'), ('1752','93','0','63','0','0','1','20.00'), ('1753','94','47','7','0','0','1','35.00'), ('1754','94','46','7','0','0','1','35.00'), ('1755','94','45','31','0','0','1','15.00'), ('1756','94','44','7','0','0','1','35.00'), ('1757','94','37','7','0','0','1','35.00'), ('1758','94','35','31','0','0','1','15.00'), ('1759','94','34','7','0','0','1','35.00'), ('1760','94','28','12','0','0','1','30.00'), ('1761','94','27','7','0','0','1','35.00'), ('1762','94','25','7','0','0','1','35.00'), ('1763','94','24','7','0','0','1','35.00'), ('1764','94','16','7','0','0','1','35.00'), ('1765','94','15','7','0','0','1','35.00');
INSERT INTO `presupuesto_detalles` VALUES ('1766','94','14','7','0','0','1','35.00'), ('1767','94','11','4','3','0','1','35.00'), ('1768','94','0','33','0','0','1','35.00'), ('1769','94','0','36','0','0','1','60.00'), ('1770','94','0','64','0','0','1','0.00'), ('1771','94','0','32','0','0','1','25.00'), ('1772','94','0','63','0','0','1','15.00'), ('1773','95','47','7','5','0','1','45.00'), ('1774','95','45','7','0','0','1','45.00'), ('1775','95','37','7','3','0','1','45.00'), ('1776','95','34','7','0','0','1','45.00'), ('1777','95','27','7','0','0','1','45.00'), ('1778','95','0','34','0','0','1','75.00'), ('1779','95','0','64','0','0','1','30.00'), ('1780','95','0','32','0','0','1','50.00'), ('1781','95','0','36','0','0','1','60.00'), ('1782','95','0','77','0','0','1','150.00'), ('1783','95','0','76','0','0','1','600.00'), ('1784','96','47','7','5','0','1','45.00'), ('1785','96','36','5','0','0','1','45.00'), ('1786','96','25','7','0','0','1','45.00'), ('1787','96','17','7','0','0','1','45.00'), ('1788','96','15','7','0','0','1','45.00'), ('1789','96','14','7','0','0','1','45.00'), ('1790','96','13','7','0','0','1','45.00'), ('1791','96','0','34','0','0','1','75.00'), ('1792','96','0','32','0','0','1','50.00'), ('1793','96','0','35','0','0','1','40.00'), ('1794','96','0','64','0','0','1','30.00'), ('1795','97','85','5','7','0','1','45.00'), ('1796','97','84','7','0','0','1','45.00'), ('1797','97','84','20','0','0','1','120.00'), ('1798','97','75','7','5','0','1','45.00'), ('1799','97','74','7','0','0','1','45.00'), ('1800','97','65','7','5','0','1','45.00'), ('1801','97','64','7','0','0','1','45.00'), ('1802','97','61','4','3','0','1','40.00'), ('1803','97','55','7','5','0','1','45.00'), ('1804','97','54','7','0','0','1','45.00'), ('1805','97','51','3','4','2','1','45.00'), ('1806','97','46','31','0','0','1','20.00'), ('1807','97','36','31','0','0','1','20.00'), ('1808','97','26','31','0','0','1','20.00'), ('1809','97','16','31','0','0','1','20.00'), ('1810','97','0','32','0','0','1','50.00'), ('1811','97','0','64','0','0','1','30.00'), ('1812','97','0','34','0','0','1','75.00'), ('1813','98','85','7','5','0','1','45.00'), ('1814','98','84','7','0','0','1','45.00'), ('1815','98','84','20','0','0','1','120.00'), ('1816','98','84','84','0','0','1','15.00'), ('1817','98','75','7','5','0','1','45.00'), ('1818','98','74','7','0','0','1','45.00'), ('1819','98','65','7','5','0','1','45.00'), ('1820','98','64','7','0','0','1','45.00'), ('1821','98','61','4','2','2','1','40.00'), ('1822','98','61','63','0','0','1','20.00'), ('1823','98','55','7','5','0','1','45.00'), ('1824','98','54','7','0','0','1','45.00'), ('1825','98','51','4','2','3','1','40.00'), ('1826','98','51','84','0','0','1','15.00'), ('1827','98','46','31','0','0','1','20.00'), ('1828','98','36','31','0','0','1','20.00'), ('1829','98','26','31','0','0','1','20.00'), ('1830','98','16','31','0','0','1','20.00'), ('1831','98','0','32','0','0','1','50.00'), ('1832','98','0','64','0','0','1','30.00'), ('1833','98','0','34','0','0','1','75.00'), ('1834','99','84','31','0','0','1','20.00'), ('1835','99','75','7','5','0','1','45.00'), ('1836','99','74','7','0','0','1','45.00'), ('1837','99','65','5','0','0','1','45.00'), ('1838','99','55','7','5','0','1','45.00'), ('1839','99','46','31','0','0','1','20.00'), ('1840','99','46','5','0','0','1','45.00'), ('1841','99','41','5','0','0','1','45.00'), ('1842','99','36','7','5','0','1','45.00'), ('1843','99','26','7','0','0','1','45.00'), ('1844','99','16','7','0','0','1','45.00'), ('1845','99','0','32','0','0','1','50.00'), ('1846','99','0','64','0','0','1','30.00'), ('1847','99','0','34','0','0','1','75.00'), ('1848','100','0','111','0','0','1','350.00'), ('1849','101','0','64','0','0','1','0.00'), ('1850','101','0','32','0','0','1','25.00'), ('1851','101','0','34','0','0','1','60.00'), ('1852','101','0','36','0','0','1','60.00'), ('1853','102','42','11','0','0','2','500.00'), ('1854','102','42','96','0','0','1','10.00'), ('1855','102','41','11','0','0','2','500.00'), ('1856','102','41','67','0','0','1','30.00'), ('1857','102','37','7','4','0','1','45.00'), ('1858','102','32','11','0','0','2','500.00'), ('1859','102','31','96','0','0','1','10.00'), ('1860','102','31','11','0','0','2','500.00'), ('1861','102','25','7','4','3','1','45.00'), ('1862','102','24','7','4','3','1','45.00'), ('1863','102','22','11','0','0','2','500.00'), ('1864','102','22','15','0','0','1','190.00'), ('1865','102','22','4','0','0','1','40.00');
INSERT INTO `presupuesto_detalles` VALUES ('1866','102','21','11','0','0','2','500.00'), ('1867','102','21','13','0','0','1','70.00'), ('1868','102','12','11','0','0','2','500.00'), ('1869','102','12','15','0','0','1','190.00'), ('1870','102','11','63','0','0','1','20.00'), ('1871','102','11','11','0','0','2','500.00'), ('1872','102','11','13','0','0','1','70.00'), ('1873','102','0','90','0','0','2','1400.00'), ('1874','102','0','33','0','0','1','45.00'), ('1875','102','0','67','0','0','1','30.00'), ('1876','102','0','32','0','0','1','50.00'), ('1877','102','0','35','0','0','1','40.00'), ('1878','102','0','55','0','0','2','700.00'), ('1879','102','0','11','0','0','2','500.00'), ('1880','103','27','8','0','0','2','100.00'), ('1881','103','26','8','0','0','2','100.00'), ('1882','103','25','8','0','0','2','100.00'), ('1883','103','24','8','0','0','2','100.00'), ('1884','103','23','9','0','0','2','400.00'), ('1885','103','22','9','0','0','2','400.00'), ('1886','103','21','9','0','0','2','400.00'), ('1887','103','13','9','0','0','2','400.00'), ('1888','104','27','9','0','0','1','400.00'), ('1889','104','26','9','0','0','1','400.00'), ('1890','104','25','9','0','0','1','400.00'), ('1891','104','24','9','0','0','1','400.00'), ('1892','104','23','9','0','0','1','400.00'), ('1893','104','22','9','0','0','1','400.00'), ('1894','104','21','9','0','0','1','400.00'), ('1895','104','13','9','0','0','1','400.00'), ('1896','105','47','7','5','0','1','45.00'), ('1897','105','46','7','5','0','1','45.00'), ('1898','105','37','7','5','0','1','45.00'), ('1899','105','36','7','5','0','1','45.00'), ('1900','105','27','7','5','0','1','45.00'), ('1901','105','26','7','5','0','1','45.00'), ('1902','105','25','7','0','0','1','45.00'), ('1903','105','24','7','0','0','1','45.00'), ('1904','105','17','5','7','0','1','45.00'), ('1905','105','16','7','5','0','1','45.00'), ('1906','105','15','7','0','0','1','45.00'), ('1907','105','14','7','0','0','1','45.00'), ('1908','105','0','35','0','0','1','40.00'), ('1909','105','0','64','0','0','1','30.00'), ('1910','105','0','32','0','0','1','50.00'), ('1911','105','0','33','0','0','1','45.00'), ('1912','106','0','32','0','0','1','50.00'), ('1913','106','0','34','0','0','1','75.00'), ('1914','106','12','31','0','0','1','20.00'), ('1915','106','14','7','0','0','1','45.00'), ('1916','106','15','7','0','0','1','45.00'), ('1917','106','22','31','0','0','1','20.00'), ('1918','106','24','7','0','0','1','45.00'), ('1919','106','25','7','0','0','1','45.00'), ('1920','106','34','31','0','0','1','20.00'), ('1921','106','35','7','0','0','1','45.00'), ('1922','106','36','7','5','0','1','45.00'), ('1923','106','37','7','0','0','1','45.00'), ('1924','106','44','7','0','0','1','45.00'), ('1925','106','45','7','0','0','1','45.00'), ('1926','106','46','63','0','0','1','20.00'), ('1927','107','0','64','0','0','1','0.00'), ('1928','107','0','34','0','0','1','60.00'), ('1929','107','0','32','0','0','1','25.00'), ('1930','107','64','31','0','0','1','15.00'), ('1931','107','65','31','0','0','1','15.00'), ('1932','107','84','31','0','0','1','15.00'), ('1933','107','85','31','0','0','1','15.00'), ('1934','108','11','91','0','0','1','1200.00'), ('1935','108','31','54','0','0','1','600.00'), ('1936','109','21','15','0','0','1','170.00'), ('1937','110','11','7','4','3','1','35.00'), ('1938','110','21','7','4','3','1','35.00'), ('1939','110','21','15','0','0','1','170.00'), ('1940','111','0','64','0','0','1','30.00'), ('1941','111','0','34','0','0','1','75.00'), ('1942','111','0','35','0','0','1','40.00'), ('1943','111','0','32','0','0','1','50.00'), ('1944','111','27','3','0','0','1','45.00'), ('1945','111','32','3','0','0','1','45.00'), ('1946','111','35','3','0','0','1','45.00'), ('1947','111','42','3','4','0','1','45.00'), ('1948','111','43','4','7','0','1','40.00'), ('1949','111','44','3','4','0','1','45.00'), ('1950','111','45','7','0','0','1','45.00'), ('1951','111','45','6','0','0','1','40.00'), ('1952','112','0','32','0','0','1','50.00'), ('1953','112','0','64','0','0','1','30.00'), ('1954','112','0','36','0','0','1','60.00'), ('1955','112','0','34','0','0','1','75.00'), ('1956','112','0','66','0','0','1','270.00'), ('1957','112','22','5','0','0','1','45.00'), ('1958','112','24','7','0','0','1','45.00'), ('1959','112','25','7','0','0','1','45.00'), ('1960','112','26','7','5','0','1','45.00'), ('1961','112','27','7','0','0','1','45.00'), ('1962','112','37','7','0','0','1','45.00'), ('1963','112','38','86','0','0','1','30.00'), ('1964','112','38','7','0','0','1','45.00'), ('1965','112','44','4','7','0','1','40.00');
INSERT INTO `presupuesto_detalles` VALUES ('1966','112','45','4','3','0','1','40.00'), ('1967','112','46','7','3','0','1','45.00'), ('1968','112','48','86','0','0','1','30.00'), ('1969','112','48','7','0','0','1','45.00'), ('1970','113','0','32','0','0','1','50.00'), ('1971','113','0','33','0','0','1','45.00'), ('1972','113','0','35','0','0','1','40.00'), ('1973','113','14','4','0','0','1','40.00'), ('1974','113','15','12','0','0','1','35.00'), ('1975','113','16','7','5','0','1','45.00'), ('1976','113','17','31','0','0','1','20.00'), ('1977','113','18','31','0','0','1','20.00'), ('1978','113','24','7','3','0','1','45.00'), ('1979','113','25','12','0','0','1','35.00'), ('1980','113','26','7','5','0','1','45.00'), ('1981','113','27','31','0','0','1','20.00'), ('1982','113','28','31','0','0','1','20.00'), ('1983','113','34','31','0','0','1','20.00'), ('1984','113','35','12','0','0','1','35.00'), ('1985','113','36','7','5','0','1','45.00'), ('1986','113','37','12','0','0','1','35.00'), ('1987','113','44','31','0','0','1','20.00'), ('1988','113','45','31','0','0','1','20.00'), ('1989','113','46','7','5','0','1','45.00'), ('1990','113','47','31','0','0','1','20.00'), ('1991','114','0','64','0','0','1','30.00'), ('1992','114','0','77','0','0','1','150.00'), ('1993','114','0','32','0','0','1','50.00'), ('1994','114','0','34','0','0','1','75.00'), ('1995','114','0','35','0','0','1','40.00'), ('1996','114','0','76','0','0','1','600.00'), ('1997','114','13','5','0','0','1','45.00'), ('1998','114','14','7','0','0','1','45.00'), ('1999','114','15','7','0','0','1','45.00'), ('2000','114','16','7','0','0','1','45.00'), ('2001','114','17','7','0','0','1','45.00'), ('2002','114','24','7','0','0','1','45.00'), ('2003','114','25','7','0','0','1','45.00'), ('2004','114','26','7','0','0','1','45.00'), ('2005','114','27','7','0','0','1','45.00'), ('2006','114','34','7','0','0','1','45.00'), ('2007','114','34','63','0','0','1','20.00'), ('2008','114','34','9','0','0','1','400.00'), ('2009','114','34','16','0','0','1','240.00'), ('2010','114','35','9','0','0','1','400.00'), ('2011','114','36','9','0','0','1','400.00'), ('2012','114','37','63','0','0','1','20.00'), ('2013','114','37','7','0','0','1','45.00'), ('2014','114','37','17','0','0','1','290.00'), ('2015','114','37','9','0','0','1','400.00'), ('2016','114','45','7','0','0','1','45.00'), ('2017','114','46','5','7','0','1','45.00'), ('2018','115','0','35','0','0','1','40.00'), ('2019','115','0','32','0','0','1','50.00'), ('2020','115','0','64','0','0','1','30.00'), ('2021','115','14','7','0','0','1','45.00'), ('2022','115','15','7','0','0','1','45.00'), ('2023','115','16','7','0','0','1','45.00'), ('2024','115','24','7','0','0','1','45.00'), ('2025','115','25','7','0','0','1','45.00'), ('2026','116','0','32','0','0','1','50.00'), ('2027','116','0','64','0','0','1','30.00'), ('2028','116','0','35','0','0','1','40.00'), ('2029','116','0','34','0','0','1','75.00'), ('2030','116','14','7','0','0','1','45.00'), ('2031','116','15','7','0','0','1','45.00'), ('2032','116','16','7','0','0','1','45.00'), ('2033','116','24','7','0','0','1','45.00'), ('2034','116','25','7','0','0','1','45.00'), ('2035','117','0','64','0','0','1','30.00'), ('2036','117','0','97','0','0','1','30.00'), ('2037','117','0','35','0','0','1','40.00'), ('2038','117','0','32','0','0','1','50.00'), ('2039','117','0','87','0','0','1','400.00'), ('2040','117','0','67','0','0','1','30.00'), ('2041','118','0','32','0','0','1','25.00'), ('2042','118','0','64','0','0','1','0.00'), ('2043','118','0','34','0','0','1','60.00'), ('2044','118','14','31','0','0','1','15.00'), ('2045','118','15','31','0','0','1','15.00'), ('2046','118','16','31','0','0','1','15.00'), ('2047','118','24','31','0','0','1','15.00'), ('2048','118','25','31','0','0','1','15.00'), ('2049','118','26','7','5','0','1','35.00'), ('2050','118','34','31','0','0','1','15.00'), ('2051','118','35','31','0','0','1','15.00'), ('2052','118','36','31','0','0','1','15.00'), ('2053','118','44','31','0','0','1','15.00'), ('2054','118','46','31','0','0','1','15.00'), ('2055','119','0','64','0','0','1','30.00'), ('2056','119','0','67','0','0','1','30.00'), ('2057','119','0','34','0','0','1','75.00'), ('2058','119','0','37','0','0','1','80.00'), ('2059','119','11','9','0','0','2','400.00'), ('2060','119','12','9','0','0','2','400.00'), ('2061','119','13','63','0','0','1','20.00'), ('2062','119','13','7','0','0','1','45.00'), ('2063','119','13','9','0','0','2','400.00'), ('2064','119','13','15','0','0','1','190.00'), ('2065','119','14','7','0','0','1','45.00');
INSERT INTO `presupuesto_detalles` VALUES ('2066','119','14','6','0','0','1','40.00'), ('2067','119','15','6','0','0','1','40.00'), ('2068','119','15','7','0','0','1','45.00'), ('2069','119','17','7','0','0','1','45.00'), ('2070','119','17','6','0','0','1','40.00'), ('2071','119','18','7','0','0','1','45.00'), ('2072','119','21','9','0','0','2','400.00'), ('2073','119','22','9','0','0','2','400.00'), ('2074','119','23','63','0','0','1','20.00'), ('2075','119','23','4','7','0','1','40.00'), ('2076','119','23','15','0','0','1','190.00'), ('2077','119','24','7','0','0','1','45.00'), ('2078','119','24','6','0','0','1','40.00'), ('2079','119','28','7','0','0','1','45.00'), ('2080','119','28','53','0','0','2','500.00'), ('2081','119','33','6','0','0','1','40.00'), ('2082','119','34','6','0','0','1','40.00'), ('2083','119','34','7','0','0','1','45.00'), ('2084','119','35','7','0','0','1','45.00'), ('2085','119','36','7','5','0','1','45.00'), ('2086','119','36','6','0','0','1','40.00'), ('2087','119','37','7','0','0','1','45.00'), ('2088','119','44','7','0','0','1','45.00'), ('2089','119','45','7','0','0','1','45.00'), ('2090','119','45','6','0','0','1','40.00'), ('2091','119','47','7','5','0','1','45.00'), ('2092','119','47','6','0','0','1','40.00'), ('2093','119','48','37','0','0','1','80.00'), ('2094','120','0','64','0','0','1','0.00'), ('2095','120','0','32','0','0','1','25.00'), ('2096','120','0','37','0','0','1','80.00'), ('2097','120','0','34','0','0','1','60.00'), ('2098','120','18','7','0','0','1','35.00'), ('2099','120','46','7','0','0','1','35.00'), ('2100','121','0','64','0','0','1','0.00'), ('2101','121','0','37','0','0','1','80.00'), ('2102','121','0','32','0','0','1','25.00'), ('2103','121','0','34','0','0','1','60.00'), ('2104','121','12','5','3','4','1','35.00'), ('2105','121','13','5','4','3','1','35.00'), ('2106','121','13','63','0','0','1','15.00'), ('2107','121','14','5','3','0','1','35.00'), ('2108','121','15','7','4','0','1','35.00'), ('2109','121','17','7','0','0','1','35.00'), ('2110','121','18','7','0','0','1','35.00'), ('2111','121','21','4','5','3','1','35.00'), ('2112','121','22','4','5','3','1','35.00'), ('2113','121','23','7','3','0','1','35.00'), ('2114','121','23','63','0','0','1','15.00'), ('2115','121','25','7','0','0','1','35.00'), ('2116','121','32','63','0','0','1','15.00'), ('2117','121','34','2','4','3','1','35.00'), ('2118','121','35','2','3','4','1','35.00'), ('2119','121','38','5','7','0','1','35.00'), ('2120','121','44','7','0','0','1','35.00'), ('2121','121','45','7','0','0','1','35.00'), ('2122','122','0','64','0','0','1','0.00'), ('2123','122','0','37','0','0','1','80.00'), ('2124','122','18','7','0','0','1','35.00'), ('2125','122','46','7','0','0','1','35.00'), ('2126','123','0','32','0','0','1','25.00'), ('2127','123','0','34','0','0','1','60.00'), ('2128','124','0','32','0','0','1','50.00'), ('2129','124','0','64','0','0','1','30.00'), ('2130','124','0','37','0','0','1','80.00'), ('2131','124','0','33','0','0','1','45.00'), ('2132','124','0','67','0','0','1','30.00'), ('2133','124','11','11','0','0','2','500.00'), ('2134','124','12','3','0','0','1','45.00'), ('2135','124','14','7','0','0','1','45.00'), ('2136','124','21','11','0','0','2','500.00'), ('2137','124','22','11','0','0','2','500.00'), ('2138','124','24','7','0','0','1','45.00'), ('2139','124','25','7','0','0','1','45.00'), ('2140','124','26','7','0','0','1','45.00'), ('2141','124','37','86','0','0','1','30.00'), ('2142','124','37','7','3','0','1','45.00'), ('2143','124','46','7','0','0','1','45.00'), ('2144','124','47','7','3','0','1','45.00'), ('2145','125','0','34','0','0','1','75.00'), ('2146','125','0','67','0','0','2','30.00'), ('2147','125','0','77','0','0','2','150.00'), ('2148','125','0','32','0','0','1','50.00'), ('2149','125','0','36','0','0','1','60.00'), ('2150','125','0','76','0','0','2','600.00'), ('2151','125','0','64','0','0','1','30.00'), ('2152','125','14','6','0','0','1','40.00'), ('2153','125','17','5','0','0','1','45.00'), ('2154','125','17','6','0','0','1','40.00'), ('2155','125','25','7','3','0','1','45.00'), ('2156','125','25','6','0','0','1','40.00'), ('2157','125','27','7','0','0','1','45.00'), ('2158','125','33','6','0','0','1','40.00'), ('2159','125','34','6','0','0','1','40.00'), ('2160','125','34','7','0','0','1','45.00'), ('2161','125','35','6','0','0','1','40.00'), ('2162','125','37','7','0','0','1','45.00'), ('2163','125','43','6','0','0','1','40.00'), ('2164','125','44','6','0','0','1','40.00'), ('2165','125','44','7','0','0','1','45.00');
INSERT INTO `presupuesto_detalles` VALUES ('2166','125','46','63','0','0','1','20.00'), ('2167','125','46','7','4','3','1','45.00'), ('2168','125','46','45','0','0','1','320.00'), ('2169','125','46','23','0','0','2','150.00'), ('2170','125','47','7','0','0','1','45.00'), ('2171','126','0','64','0','0','1','30.00'), ('2172','126','0','34','0','0','1','75.00'), ('2173','126','0','36','0','0','1','60.00'), ('2174','126','0','32','0','0','1','50.00'), ('2175','126','11','63','0','0','1','20.00'), ('2176','126','12','4','5','7','1','40.00'), ('2177','126','14','7','0','0','1','45.00'), ('2178','126','15','7','0','0','1','45.00'), ('2179','126','16','7','0','0','1','45.00'), ('2180','126','17','2','7','5','1','45.00'), ('2181','126','18','7','0','0','1','45.00'), ('2182','126','21','5','0','0','1','45.00'), ('2183','126','22','5','0','0','1','45.00'), ('2184','126','23','7','0','0','1','45.00'), ('2185','126','24','7','0','0','1','45.00'), ('2186','126','25','7','0','0','1','45.00'), ('2187','126','26','7','5','0','1','45.00'), ('2188','126','34','7','0','0','1','45.00'), ('2189','126','35','7','3','0','1','45.00'), ('2190','126','38','4','5','7','1','40.00'), ('2191','126','44','7','0','0','1','45.00'), ('2192','126','45','7','0','0','1','45.00'), ('2193','126','47','3','7','0','1','45.00'), ('2194','126','48','7','0','0','1','45.00'), ('2195','127','0','64','0','0','1','0.00'), ('2196','127','0','34','0','0','1','60.00'), ('2197','127','0','32','0','0','1','25.00'), ('2198','127','0','37','0','0','1','80.00'), ('2199','127','15','4','7','0','1','35.00'), ('2200','127','17','7','0','0','1','35.00'), ('2201','127','18','7','0','0','1','35.00'), ('2202','127','25','7','0','0','1','35.00'), ('2203','127','38','7','5','0','1','35.00'), ('2204','127','44','7','0','0','1','35.00'), ('2205','127','45','7','0','0','1','35.00'), ('2206','128','0','117','0','0','2','2500.00'), ('2207','128','0','91','0','0','2','1200.00'), ('2208','128','0','92','0','0','2','1000.00'), ('2209','128','0','90','0','0','2','1400.00'), ('2210','128','13','63','0','0','1','20.00'), ('2211','128','13','7','5','0','1','45.00'), ('2212','128','13','15','0','0','1','190.00'), ('2213','128','23','7','5','0','1','45.00'), ('2214','128','23','63','0','0','1','20.00'), ('2215','128','23','15','0','0','1','190.00'), ('2216','128','24','63','0','0','1','20.00'), ('2217','128','24','7','5','0','1','45.00'), ('2218','128','24','16','0','0','1','240.00'), ('2219','128','45','7','5','0','1','45.00'), ('2220','128','45','63','0','0','1','20.00'), ('2221','128','45','16','0','0','1','240.00'), ('2222','129','0','64','0','0','1','30.00'), ('2223','129','0','32','0','0','1','50.00'), ('2224','129','0','34','0','0','1','75.00'), ('2225','129','0','67','0','0','1','30.00'), ('2226','129','0','76','0','0','1','600.00'), ('2227','129','0','77','0','0','1','150.00'), ('2228','129','12','5','0','0','1','45.00'), ('2229','129','36','4','7','0','1','40.00'), ('2230','129','44','7','0','0','1','45.00'), ('2231','129','46','114','0','0','1','2925.00'), ('2232','130','0','64','0','0','1','30.00'), ('2233','130','0','35','0','0','1','40.00'), ('2234','130','0','34','0','0','1','75.00'), ('2235','130','0','32','0','0','1','50.00'), ('2236','130','17','31','0','0','1','20.00'), ('2237','130','27','31','0','0','1','20.00'), ('2238','130','34','31','0','0','1','20.00'), ('2239','130','35','31','0','0','1','20.00'), ('2240','130','36','31','0','0','1','20.00'), ('2241','130','37','31','0','0','1','20.00'), ('2242','130','44','31','0','0','1','20.00'), ('2243','130','45','31','0','0','1','20.00'), ('2244','130','46','31','0','0','1','20.00'), ('2245','130','47','31','0','0','1','20.00'), ('2246','131','0','64','0','0','1','30.00'), ('2247','131','0','32','0','0','1','50.00'), ('2248','131','0','34','0','0','1','75.00'), ('2249','131','0','35','0','0','1','40.00'), ('2250','131','11','7','4','0','1','45.00'), ('2251','131','12','3','7','0','1','45.00'), ('2252','131','13','7','0','0','1','45.00'), ('2253','131','14','7','0','0','1','45.00'), ('2254','131','15','7','0','0','1','45.00'), ('2255','131','16','85','0','0','1','30.00'), ('2256','131','16','5','7','0','1','45.00'), ('2257','131','21','3','0','0','1','45.00'), ('2258','131','22','4','0','0','1','40.00'), ('2259','131','25','7','0','0','1','45.00'), ('2260','131','28','85','0','0','1','30.00'), ('2261','131','28','7','2','5','1','45.00'), ('2262','131','34','4','7','0','1','40.00'), ('2263','131','35','7','0','0','1','45.00'), ('2264','131','36','5','7','0','1','45.00'), ('2265','131','37','7','0','0','1','45.00');
INSERT INTO `presupuesto_detalles` VALUES ('2266','131','44','7','0','0','1','45.00'), ('2267','131','47','5','7','0','1','45.00'), ('2268','132','0','37','0','0','2','80.00'), ('2269','132','0','34','0','0','2','60.00'), ('2270','132','0','32','0','0','2','25.00'), ('2271','132','12','6','0','0','1','40.00'), ('2272','132','14','7','0','0','1','35.00'), ('2273','132','16','6','0','0','1','40.00'), ('2274','132','16','5','0','0','1','35.00'), ('2275','132','17','7','0','0','1','35.00'), ('2276','132','22','6','0','0','1','40.00'), ('2277','132','27','7','0','0','1','35.00'), ('2278','132','28','7','0','0','1','35.00'), ('2279','132','32','6','0','0','1','40.00'), ('2280','132','34','6','0','0','1','40.00'), ('2281','132','34','7','0','0','1','35.00'), ('2282','132','35','7','0','0','1','35.00'), ('2283','132','35','6','0','0','1','40.00'), ('2284','132','36','6','0','0','1','40.00'), ('2285','132','36','7','5','0','1','35.00'), ('2286','132','44','7','0','0','1','35.00'), ('2287','132','44','6','0','0','1','40.00'), ('2288','132','45','6','0','0','1','40.00'), ('2289','132','45','7','0','0','1','35.00'), ('2290','132','46','7','5','0','1','35.00'), ('2291','132','46','6','0','0','1','40.00'), ('2292','132','46','38','0','0','2','30.00'), ('2293','132','47','7','5','0','1','35.00'), ('2294','133','0','66','0','0','1','270.00'), ('2295','133','14','11','0','0','1','500.00'), ('2296','133','15','11','0','0','1','500.00'), ('2297','133','16','11','0','0','1','500.00'), ('2298','134','0','37','0','0','1','80.00'), ('2299','134','0','34','0','0','1','75.00'), ('2300','134','0','32','0','0','1','50.00'), ('2301','134','0','64','0','0','1','30.00'), ('2302','134','14','63','0','0','1','20.00'), ('2303','134','14','86','0','0','1','30.00'), ('2304','134','14','7','4','0','1','45.00'), ('2305','134','24','9','0','0','2','400.00'), ('2306','134','25','9','0','0','2','400.00'), ('2307','134','25','13','0','0','1','70.00'), ('2308','134','26','9','0','0','2','400.00'), ('2309','134','27','9','0','0','2','400.00'), ('2310','134','27','7','5','0','1','45.00'), ('2311','134','28','13','0','0','1','70.00'), ('2312','134','35','3','0','0','1','45.00'), ('2313','134','36','86','0','0','1','30.00'), ('2314','134','36','4','7','3','1','40.00'), ('2315','134','37','86','0','0','1','30.00'), ('2316','134','37','4','7','0','1','40.00'), ('2317','135','0','32','0','0','1','50.00'), ('2318','135','0','34','0','0','1','75.00'), ('2319','135','0','64','0','0','1','30.00'), ('2320','135','0','36','0','0','1','60.00'), ('2321','135','14','7','0','0','1','45.00'), ('2322','135','15','31','0','0','1','20.00'), ('2323','135','16','7','5','0','1','45.00'), ('2324','135','17','7','0','0','1','45.00'), ('2325','135','24','7','0','0','1','45.00'), ('2326','135','25','31','0','0','1','20.00'), ('2327','135','26','7','5','0','1','45.00'), ('2328','135','27','7','0','0','1','45.00'), ('2329','135','34','31','0','0','1','20.00'), ('2330','135','35','31','0','0','1','20.00'), ('2331','135','36','7','5','0','1','45.00'), ('2332','135','37','7','0','0','1','45.00'), ('2333','135','44','31','0','0','1','20.00'), ('2334','135','45','31','0','0','1','20.00'), ('2335','135','46','7','5','0','1','45.00'), ('2336','135','47','7','5','0','1','45.00'), ('2337','136','26','60','0','0','1','25.00'), ('2338','136','26','38','0','0','1','30.00'), ('2339','136','27','39','0','0','1','120.00'), ('2340','136','27','38','0','0','1','30.00'), ('2341','136','27','60','0','0','1','25.00'), ('2342','136','46','38','0','0','1','30.00'), ('2343','136','46','60','0','0','1','25.00'), ('2344','136','47','39','0','0','1','120.00'), ('2345','137','0','64','0','0','1','0.00'), ('2346','137','0','32','0','0','1','25.00'), ('2347','137','0','34','0','0','1','60.00'), ('2348','137','46','31','0','0','1','15.00'), ('2349','137','55','5','0','0','1','45.00'), ('2350','137','65','31','0','0','1','15.00'), ('2351','137','74','84','0','0','1','10.00'), ('2352','137','74','20','0','0','1','100.00'), ('2353','137','74','7','3','0','1','45.00'), ('2354','138','14','63','0','0','1','15.00'), ('2355','138','15','7','0','0','1','35.00'), ('2356','138','16','7','0','0','1','35.00'), ('2357','138','21','4','3','0','1','35.00'), ('2358','138','24','7','0','0','1','35.00'), ('2359','138','25','7','0','0','1','35.00'), ('2360','138','27','7','0','0','1','35.00'), ('2361','138','28','12','0','0','1','30.00'), ('2362','138','34','7','0','0','1','35.00'), ('2363','138','35','31','0','0','1','15.00'), ('2364','138','37','7','0','0','1','35.00'), ('2365','138','44','7','0','0','1','35.00');
INSERT INTO `presupuesto_detalles` VALUES ('2366','138','45','31','0','0','1','15.00'), ('2367','138','46','7','0','0','1','35.00'), ('2368','138','47','7','0','0','1','35.00'), ('2369','139','0','64','0','0','1','30.00'), ('2370','139','0','32','0','0','1','50.00'), ('2371','139','0','36','0','0','1','60.00'), ('2372','139','0','34','0','0','1','75.00'), ('2373','139','14','7','0','0','1','45.00'), ('2374','139','15','7','2','0','1','45.00'), ('2375','139','24','7','0','0','1','45.00'), ('2376','139','25','7','0','0','1','45.00'), ('2377','139','26','7','0','0','1','45.00'), ('2378','139','34','7','0','0','1','45.00'), ('2379','139','35','7','0','0','1','45.00'), ('2380','139','36','7','0','0','1','45.00'), ('2381','139','37','7','0','0','1','45.00'), ('2382','139','46','86','0','0','1','30.00'), ('2383','139','46','7','5','0','1','45.00'), ('2384','139','47','86','0','0','1','30.00'), ('2385','139','47','7','5','0','1','45.00'), ('2386','140','0','64','0','0','1','30.00'), ('2387','140','0','34','0','0','1','75.00'), ('2388','140','0','32','0','0','1','50.00'), ('2389','140','51','3','0','0','1','45.00'), ('2390','140','54','7','0','0','1','45.00'), ('2391','140','55','7','0','0','1','45.00'), ('2392','140','61','4','0','0','1','40.00'), ('2393','140','64','7','0','0','1','45.00'), ('2394','140','65','7','0','0','1','45.00'), ('2395','140','71','12','0','0','1','35.00'), ('2396','140','74','84','0','0','1','15.00'), ('2397','140','74','7','0','0','1','45.00'), ('2398','140','75','7','0','0','1','45.00'), ('2399','140','81','12','0','0','1','35.00'), ('2400','140','84','21','0','0','1','170.00'), ('2401','140','84','84','0','0','1','15.00'), ('2402','140','84','7','0','0','1','45.00'), ('2403','140','85','7','0','0','1','45.00'), ('2404','140','85','20','0','0','1','120.00'), ('2405','141','0','117','0','0','2','2500.00'), ('2406','141','0','32','0','0','1','50.00'), ('2407','141','0','64','0','0','1','30.00'), ('2408','141','0','76','0','0','2','600.00'), ('2409','141','0','77','0','0','2','150.00'), ('2410','141','0','34','0','0','1','75.00'), ('2411','141','0','111','0','0','2','350.00'), ('2412','141','12','5','0','0','1','45.00'), ('2413','141','16','7','0','0','1','45.00'), ('2414','141','21','51','0','0','1','90.00'), ('2415','141','25','3','0','0','1','45.00'), ('2416','141','26','17','0','0','2','290.00'), ('2417','141','26','63','0','0','1','20.00'), ('2418','141','26','26','0','0','1','200.00'), ('2419','141','26','86','0','0','1','30.00'), ('2420','141','27','7','0','0','1','45.00'), ('2421','141','36','86','0','0','1','30.00'), ('2422','141','36','7','5','0','1','45.00'), ('2423','141','37','86','0','0','1','30.00'), ('2424','141','37','7','5','0','1','45.00'), ('2425','141','45','7','4','0','1','45.00'), ('2426','141','46','86','0','0','1','30.00'), ('2427','141','46','7','5','0','1','45.00'), ('2428','141','47','86','0','0','1','30.00'), ('2429','141','47','7','5','0','1','45.00'), ('2430','142','0','32','0','0','1','50.00'), ('2431','142','0','64','0','0','1','30.00'), ('2432','142','0','72','0','0','1','450.00'), ('2433','142','0','122','0','0','1','1500.00'), ('2434','142','0','76','0','0','1','600.00'), ('2435','142','0','77','0','0','1','150.00'), ('2436','143','0','64','0','0','1','30.00'), ('2437','143','0','34','0','0','1','75.00'), ('2438','143','0','32','0','0','1','50.00'), ('2439','143','0','37','0','0','1','80.00'), ('2440','143','14','7','0','0','1','45.00'), ('2441','143','15','7','0','0','1','45.00'), ('2442','143','16','7','5','0','1','45.00'), ('2443','143','16','86','0','0','1','30.00'), ('2444','143','17','7','0','0','1','45.00'), ('2445','143','18','7','0','0','1','45.00'), ('2446','143','25','7','0','0','1','45.00'), ('2447','143','26','7','5','0','1','45.00'), ('2448','143','26','86','0','0','1','30.00'), ('2449','143','27','7','5','0','1','45.00'), ('2450','143','27','86','0','0','1','30.00'), ('2451','143','28','7','0','0','1','45.00'), ('2452','143','36','7','0','0','1','45.00'), ('2453','143','37','5','0','0','1','45.00'), ('2454','143','44','7','0','0','1','45.00'), ('2455','143','45','7','0','0','1','45.00'), ('2456','143','46','5','0','0','1','45.00'), ('2457','143','47','86','0','0','1','30.00'), ('2458','143','47','7','5','0','1','45.00'), ('2459','144','0','35','0','0','1','40.00'), ('2460','144','0','33','0','0','1','45.00'), ('2461','144','0','32','0','0','1','50.00'), ('2462','144','14','31','0','0','1','20.00'), ('2463','144','15','31','0','0','1','20.00'), ('2464','144','24','7','0','0','1','45.00'), ('2465','144','25','7','0','0','1','45.00');
INSERT INTO `presupuesto_detalles` VALUES ('2466','144','27','7','0','0','1','45.00'), ('2467','144','34','7','0','0','1','45.00'), ('2468','144','35','7','0','0','1','45.00'), ('2469','144','36','7','5','0','1','45.00'), ('2470','144','37','7','5','0','1','45.00'), ('2471','144','44','7','0','0','1','45.00'), ('2472','144','45','7','0','0','1','45.00'), ('2473','144','46','7','5','0','1','45.00'), ('2474','144','47','7','5','0','1','45.00'), ('2475','145','0','67','0','0','1','30.00'), ('2476','145','0','67','0','0','2','30.00'), ('2477','145','11','11','0','0','2','500.00'), ('2478','145','12','11','0','0','2','500.00'), ('2479','145','21','11','0','0','2','500.00'), ('2480','145','22','11','0','0','2','500.00'), ('2481','145','23','11','0','0','2','500.00'), ('2482','145','24','9','0','0','1','400.00'), ('2483','145','25','9','0','0','1','400.00'), ('2484','145','26','9','0','0','1','400.00'), ('2485','145','45','9','0','0','1','400.00'), ('2486','145','46','9','0','0','1','400.00'), ('2487','145','47','9','0','0','1','400.00'), ('2488','146','0','64','0','0','1','30.00'), ('2489','146','0','65','0','0','1','170.00'), ('2490','146','0','32','0','0','1','50.00'), ('2491','146','0','34','0','0','1','75.00'), ('2492','146','0','35','0','0','1','40.00'), ('2493','146','11','3','0','0','1','45.00'), ('2494','146','12','4','3','0','1','40.00'), ('2495','146','15','6','0','0','1','40.00'), ('2496','146','16','7','5','0','1','45.00'), ('2497','146','21','50','0','0','1','75.00'), ('2498','146','24','7','0','0','1','45.00'), ('2499','146','26','6','0','0','1','40.00'), ('2500','146','44','7','0','0','1','45.00'), ('2501','146','45','7','0','0','1','45.00'), ('2502','146','46','7','5','0','1','45.00'), ('2503','146','47','7','0','0','1','45.00'), ('2504','147','0','64','0','0','1','30.00'), ('2505','147','0','34','0','0','1','75.00'), ('2506','147','0','32','0','0','1','50.00'), ('2507','147','0','37','0','0','1','80.00'), ('2508','147','14','31','0','0','1','20.00'), ('2509','147','14','6','0','0','1','40.00'), ('2510','147','15','31','0','0','1','20.00'), ('2511','147','15','6','0','0','1','40.00'), ('2512','147','16','31','0','0','1','20.00'), ('2513','147','16','6','0','0','1','40.00'), ('2514','147','17','31','0','0','1','20.00'), ('2515','147','24','31','0','0','1','20.00'), ('2516','147','26','6','0','0','1','40.00'), ('2517','147','26','31','0','0','1','20.00'), ('2518','147','27','31','0','0','1','20.00'), ('2519','147','34','31','0','0','1','20.00'), ('2520','147','34','6','0','0','1','40.00'), ('2521','147','35','6','0','0','1','40.00'), ('2522','147','35','31','0','0','1','20.00'), ('2523','147','36','7','0','0','1','45.00'), ('2524','147','37','6','0','0','1','40.00'), ('2525','147','38','63','0','0','1','20.00'), ('2526','147','44','6','0','0','1','40.00'), ('2527','147','44','7','0','0','1','45.00'), ('2528','147','45','6','0','0','1','40.00'), ('2529','147','46','6','0','0','1','40.00'), ('2530','147','47','6','0','0','1','40.00'), ('2531','147','48','7','0','0','1','45.00'), ('2532','148','0','64','0','0','1','0.00'), ('2533','148','0','37','0','0','1','80.00'), ('2534','148','0','32','0','0','1','25.00'), ('2535','148','0','34','0','0','1','60.00'), ('2536','148','11','51','0','0','1','90.00'), ('2537','148','12','86','0','0','1','30.00'), ('2538','148','12','50','0','0','1','75.00'), ('2539','148','21','51','0','0','1','90.00'), ('2540','148','22','86','0','0','1','30.00'), ('2541','148','22','50','0','0','1','75.00'), ('2542','148','24','6','0','0','2','40.00'), ('2543','148','24','86','0','0','2','30.00'), ('2544','148','24','7','3','0','2','45.00'), ('2545','148','26','86','0','0','2','30.00'), ('2546','148','26','4','7','0','2','45.00'), ('2547','148','27','86','0','0','2','30.00'), ('2548','148','27','4','7','0','2','45.00'), ('2549','148','36','7','3','0','2','45.00'), ('2550','148','44','6','0','0','2','40.00'), ('2551','148','46','86','0','0','2','30.00'), ('2552','148','46','7','0','0','2','45.00'), ('2553','148','46','6','0','0','2','40.00'), ('2554','149','0','34','0','0','1','60.00'), ('2555','149','0','64','0','0','1','0.00'), ('2556','149','54','31','0','0','1','15.00'), ('2557','149','64','7','0','0','1','45.00'), ('2558','149','74','7','0','0','1','45.00'), ('2559','149','84','31','0','0','1','15.00'), ('2560','150','0','123','0','0','1','300.00'), ('2561','150','0','77','0','0','1','150.00'), ('2562','150','0','76','0','0','1','600.00'), ('2563','151','0','64','0','0','1','30.00'), ('2564','151','0','35','0','0','1','40.00'), ('2565','151','0','32','0','0','1','50.00');
INSERT INTO `presupuesto_detalles` VALUES ('2566','151','0','34','0','0','1','75.00'), ('2567','151','11','69','0','0','1','10.00'), ('2568','151','12','69','0','0','1','10.00'), ('2569','151','13','69','0','0','1','10.00'), ('2570','151','14','31','0','0','1','20.00'), ('2571','151','15','31','0','0','1','20.00'), ('2572','151','17','7','0','0','1','45.00'), ('2573','151','21','69','0','0','1','10.00'), ('2574','151','22','69','0','0','1','10.00'), ('2575','151','23','69','0','0','1','10.00'), ('2576','151','24','5','0','0','1','45.00'), ('2577','151','25','31','0','0','1','20.00'), ('2578','151','26','7','0','0','1','45.00'), ('2579','151','27','7','0','0','1','45.00'), ('2580','151','28','7','0','0','1','45.00'), ('2581','151','31','69','0','0','1','10.00'), ('2582','151','32','69','0','0','1','10.00'), ('2583','151','33','69','0','0','1','10.00'), ('2584','151','34','69','0','0','1','10.00'), ('2585','151','34','31','0','0','1','20.00'), ('2586','151','35','31','0','0','1','20.00'), ('2587','151','36','7','0','0','1','45.00'), ('2588','151','37','7','0','0','1','45.00'), ('2589','151','41','69','0','0','1','10.00'), ('2590','151','42','69','0','0','1','10.00'), ('2591','151','43','69','0','0','1','10.00'), ('2592','151','44','31','0','0','1','20.00'), ('2593','151','45','69','0','0','1','10.00'), ('2594','151','45','31','0','0','1','20.00'), ('2595','151','46','31','0','0','1','20.00'), ('2596','151','48','7','0','0','1','45.00'), ('2597','152','33','9','0','0','1','400.00'), ('2598','152','34','9','0','0','1','400.00'), ('2599','152','35','9','0','0','1','400.00'), ('2600','152','36','9','0','0','1','400.00'), ('2601','152','37','9','0','0','1','400.00'), ('2602','152','45','9','0','0','1','400.00'), ('2603','153','0','64','0','0','1','30.00'), ('2604','153','0','32','0','0','1','50.00'), ('2605','153','0','35','0','0','1','40.00'), ('2606','153','0','34','0','0','1','75.00'), ('2607','153','11','51','0','0','1','90.00'), ('2608','153','12','51','0','0','1','90.00'), ('2609','153','21','51','0','0','1','90.00'), ('2610','153','22','51','0','0','1','90.00'), ('2611','153','23','7','0','0','1','45.00'), ('2612','153','24','7','0','0','1','45.00'), ('2613','153','25','3','7','0','1','45.00'), ('2614','153','27','63','0','0','1','20.00'), ('2615','153','28','7','0','0','1','45.00'), ('2616','153','31','3','0','0','1','45.00'), ('2617','153','34','7','0','0','1','45.00'), ('2618','153','35','7','0','0','1','45.00'), ('2619','153','36','7','0','0','1','45.00'), ('2620','153','36','63','0','0','1','20.00'), ('2621','153','44','7','0','0','1','45.00'), ('2622','153','45','63','0','0','1','20.00'), ('2623','153','46','5','7','0','1','45.00'), ('2624','153','47','7','0','0','1','45.00'), ('2625','154','0','64','0','0','1','0.00'), ('2626','154','0','34','0','0','1','60.00'), ('2627','154','0','32','0','0','1','25.00'), ('2628','154','0','35','0','0','1','40.00'), ('2629','154','11','4','0','0','1','35.00'), ('2630','154','12','4','0','0','1','35.00'), ('2631','154','13','7','0','0','1','35.00'), ('2632','154','14','31','0','0','1','15.00'), ('2633','154','15','31','0','0','1','15.00'), ('2634','154','16','5','0','0','1','35.00'), ('2635','154','17','7','0','0','1','35.00'), ('2636','154','21','3','0','0','1','35.00'), ('2637','154','22','4','0','0','1','35.00'), ('2638','154','23','7','0','0','1','35.00'), ('2639','154','24','7','0','0','1','35.00'), ('2640','154','26','63','0','0','1','15.00'), ('2641','154','26','7','4','5','1','35.00'), ('2642','154','27','7','0','0','1','35.00'), ('2643','154','34','7','0','0','1','35.00'), ('2644','154','35','7','0','0','1','35.00'), ('2645','154','37','7','0','0','1','35.00'), ('2646','154','44','7','0','0','1','35.00'), ('2647','154','45','4','7','0','1','35.00'), ('2648','154','46','7','2','5','1','35.00'), ('2649','154','47','7','0','0','1','35.00'), ('2650','155','36','17','0','0','2','290.00'), ('2651','155','36','85','0','0','2','30.00'), ('2652','156','0','32','0','0','1','50.00'), ('2653','156','0','35','0','0','1','40.00'), ('2654','156','0','34','0','0','1','75.00'), ('2655','156','26','7','0','0','1','45.00'), ('2656','156','36','7','0','0','1','45.00'), ('2657','156','46','7','0','0','1','45.00'), ('2658','157','0','64','0','0','1','0.00'), ('2659','157','0','34','0','0','1','60.00'), ('2660','157','0','35','0','0','1','40.00'), ('2661','157','0','32','0','0','1','25.00'), ('2662','157','0','63','0','0','1','15.00'), ('2663','158','0','37','0','0','1','80.00'), ('2664','158','0','32','0','0','1','50.00'), ('2665','158','0','34','0','0','1','75.00');
INSERT INTO `presupuesto_detalles` VALUES ('2666','158','0','64','0','0','1','30.00'), ('2667','158','45','31','0','0','1','20.00'), ('2668','159','11','38','0','0','1','30.00'), ('2669','159','12','38','0','0','1','30.00'), ('2670','159','13','38','0','0','1','30.00'), ('2671','159','14','38','0','0','2','30.00'), ('2672','159','15','38','0','0','2','30.00'), ('2673','159','16','38','0','0','2','30.00'), ('2674','159','17','38','0','0','2','30.00'), ('2675','159','17','39','0','0','2','150.00'), ('2676','159','18','38','0','0','2','30.00'), ('2677','159','21','38','0','0','1','30.00'), ('2678','159','22','38','0','0','1','30.00'), ('2679','159','23','38','0','0','1','30.00'), ('2680','159','31','38','0','0','1','30.00'), ('2681','159','32','38','0','0','1','30.00'), ('2682','159','33','38','0','0','1','30.00'), ('2683','159','34','38','0','0','1','30.00'), ('2684','159','35','38','0','0','1','30.00'), ('2685','159','36','38','0','0','1','30.00'), ('2686','159','37','38','0','0','1','30.00'), ('2687','159','38','38','0','0','1','30.00'), ('2688','159','38','39','0','0','1','150.00'), ('2689','159','41','38','0','0','2','30.00'), ('2690','159','42','38','0','0','2','30.00'), ('2691','159','43','38','0','0','2','30.00'), ('2692','159','44','38','0','0','2','30.00'), ('2693','159','45','38','0','0','2','30.00'), ('2694','159','47','38','0','0','2','30.00'), ('2695','159','48','39','0','0','2','150.00'), ('2696','159','48','38','0','0','2','30.00'), ('2697','160','0','32','0','0','1','50.00'), ('2698','160','0','67','0','0','2','30.00'), ('2699','160','0','78','0','0','2','1800.00'), ('2700','160','0','79','0','0','2','150.00'), ('2701','160','0','34','0','0','1','75.00'), ('2702','160','0','35','0','0','1','40.00'), ('2703','160','17','7','0','0','1','45.00'), ('2704','160','21','2','0','0','1','45.00'), ('2705','160','26','7','0','0','1','45.00'), ('2706','160','27','7','5','0','1','45.00'), ('2707','160','28','7','0','0','1','45.00'), ('2708','160','37','7','0','0','1','45.00'), ('2709','160','38','7','0','0','1','45.00'), ('2710','160','44','7','0','0','1','45.00'), ('2711','160','45','7','0','0','1','45.00'), ('2712','160','47','7','0','0','1','45.00'), ('2713','161','0','64','0','0','1','30.00'), ('2714','161','0','34','0','0','1','75.00'), ('2715','161','0','37','0','0','1','80.00'), ('2716','161','0','32','0','0','1','50.00'), ('2717','161','15','7','4','3','1','45.00'), ('2718','161','15','6','0','0','1','40.00'), ('2719','161','16','6','0','0','1','40.00'), ('2720','161','16','7','3','5','1','45.00'), ('2721','161','17','7','0','0','1','45.00'), ('2722','161','17','63','0','0','1','20.00'), ('2723','161','24','7','3','0','1','45.00'), ('2724','161','26','7','2','0','1','45.00'), ('2725','161','26','6','0','0','1','40.00'), ('2726','161','37','7','4','0','1','45.00'), ('2727','161','38','7','4','0','1','45.00'), ('2728','161','44','6','0','0','1','40.00'), ('2729','161','45','6','0','0','1','40.00'), ('2730','161','45','7','0','0','1','45.00'), ('2731','162','0','64','0','0','1','30.00'), ('2732','162','0','32','0','0','1','50.00'), ('2733','162','0','36','0','0','1','60.00'), ('2734','162','0','34','0','0','1','75.00'), ('2735','162','11','69','0','0','1','10.00'), ('2736','162','12','69','0','0','1','10.00'), ('2737','162','21','69','0','0','1','10.00'), ('2738','162','24','7','0','0','1','45.00'), ('2739','162','25','7','0','0','1','45.00'), ('2740','162','26','7','4','0','1','45.00'), ('2741','162','27','63','0','0','1','20.00'), ('2742','162','27','7','0','0','1','45.00'), ('2743','162','36','7','5','0','1','45.00'), ('2744','162','37','7','0','0','1','45.00'), ('2745','162','46','63','0','0','1','20.00'), ('2746','162','47','7','0','0','1','45.00'), ('2747','163','0','64','0','0','1','30.00'), ('2748','163','0','34','0','0','1','75.00'), ('2749','163','0','32','0','0','1','50.00'), ('2750','163','12','7','0','0','1','45.00'), ('2751','163','14','7','0','0','1','45.00'), ('2752','163','15','7','0','0','1','45.00'), ('2753','163','16','7','5','0','1','45.00'), ('2754','163','17','7','0','0','1','45.00'), ('2755','163','21','3','0','0','1','45.00'), ('2756','163','22','4','0','0','1','40.00'), ('2757','163','25','31','0','0','1','20.00'), ('2758','163','26','86','0','0','1','30.00'), ('2759','163','26','7','5','0','1','45.00'), ('2760','163','27','7','5','0','1','45.00'), ('2761','163','34','31','0','0','1','20.00'), ('2762','163','37','7','0','0','1','45.00'), ('2763','163','38','7','0','0','1','45.00'), ('2764','163','44','31','0','0','1','20.00'), ('2765','163','45','7','4','0','1','45.00');
INSERT INTO `presupuesto_detalles` VALUES ('2766','163','46','3','7','5','1','45.00'), ('2767','163','46','86','0','0','1','30.00'), ('2768','163','47','7','0','0','1','45.00'), ('2769','163','48','7','0','0','1','45.00'), ('2770','164','0','32','0','0','1','50.00'), ('2771','164','0','36','0','0','1','60.00'), ('2772','164','0','64','0','0','1','30.00'), ('2773','164','0','34','0','0','1','75.00'), ('2774','164','14','6','0','0','1','40.00'), ('2775','164','17','7','5','0','1','45.00'), ('2776','164','17','6','0','0','1','40.00'), ('2777','164','25','6','0','0','1','40.00'), ('2778','164','25','7','3','0','1','45.00'), ('2779','164','27','7','4','0','1','45.00'), ('2780','164','33','6','0','0','1','40.00'), ('2781','164','34','6','0','0','1','40.00'), ('2782','164','34','7','0','0','1','45.00'), ('2783','164','35','6','0','0','1','40.00'), ('2784','164','37','7','0','0','1','45.00'), ('2785','164','43','6','0','0','1','40.00'), ('2786','164','44','6','0','0','1','40.00'), ('2787','164','44','7','0','0','1','45.00'), ('2788','164','46','45','0','0','1','320.00'), ('2789','164','46','4','0','0','1','40.00'), ('2790','164','47','7','5','0','1','45.00'), ('2791','165','0','64','0','0','1','30.00'), ('2792','165','0','121','0','0','1','400.00'), ('2793','166','0','64','0','0','1','0.00'), ('2794','166','0','34','0','0','1','60.00'), ('2795','166','0','32','0','0','1','25.00'), ('2796','166','15','7','0','0','1','35.00'), ('2797','166','16','7','5','0','1','35.00'), ('2798','166','17','7','0','0','1','35.00'), ('2799','166','25','7','0','0','1','35.00'), ('2800','166','26','7','5','0','1','35.00'), ('2801','166','27','7','0','0','1','35.00'), ('2802','166','34','7','0','0','1','35.00'), ('2803','166','35','7','0','0','1','35.00'), ('2804','166','36','86','0','0','1','30.00'), ('2805','166','36','5','7','0','1','35.00'), ('2806','166','37','86','0','0','1','30.00'), ('2807','166','37','7','5','0','1','35.00'), ('2808','166','44','7','0','0','1','35.00'), ('2809','166','45','7','0','0','1','35.00'), ('2810','166','46','5','7','0','1','35.00'), ('2811','166','47','86','0','0','1','30.00'), ('2812','166','47','7','0','0','1','35.00'), ('2813','167','0','32','0','0','1','50.00'), ('2814','167','0','34','0','0','1','75.00'), ('2815','167','0','64','0','0','1','30.00'), ('2816','167','0','36','0','0','1','60.00'), ('2817','167','26','7','0','0','1','45.00'), ('2818','167','27','7','0','0','1','45.00'), ('2819','167','36','7','5','0','1','45.00'), ('2820','167','37','7','0','0','1','45.00'), ('2821','167','44','9','0','0','1','400.00'), ('2822','167','46','7','5','0','1','45.00'), ('2823','167','47','7','0','0','1','45.00'), ('2824','168','0','64','0','0','1','30.00'), ('2825','168','0','126','0','0','1','170.00'), ('2826','168','0','32','0','0','1','50.00'), ('2827','168','37','63','0','0','1','20.00'), ('2828','168','37','12','0','0','1','35.00'), ('2829','169','0','32','0','0','1','50.00'), ('2830','169','0','64','0','0','1','30.00'), ('2831','169','0','37','0','0','1','80.00'), ('2832','169','0','34','0','0','1','75.00'), ('2833','169','13','7','3','0','1','45.00'), ('2834','169','13','6','0','0','1','40.00'), ('2835','169','17','7','5','0','1','45.00'), ('2836','169','26','7','0','0','1','45.00'), ('2837','169','27','7','0','0','1','45.00'), ('2838','169','36','7','5','0','1','45.00'), ('2839','169','37','7','0','0','1','45.00'), ('2840','169','44','9','0','0','1','400.00'), ('2841','169','46','7','5','0','1','45.00'), ('2842','169','47','7','0','0','1','45.00'), ('2843','170','0','64','0','0','1','0.00'), ('2844','170','0','32','0','0','1','25.00'), ('2845','170','0','34','0','0','1','60.00'), ('2846','170','37','7','5','0','1','35.00'), ('2847','171','0','64','0','0','1','0.00'), ('2848','171','0','34','0','0','1','60.00'), ('2849','171','0','67','0','0','1','30.00'), ('2850','171','0','32','0','0','1','25.00'), ('2851','171','0','37','0','0','1','80.00'), ('2852','171','11','63','0','0','1','15.00'), ('2853','171','11','13','0','0','1','60.00'), ('2854','171','14','7','3','0','1','35.00'), ('2855','171','24','63','0','0','1','15.00'), ('2856','171','24','13','0','0','1','60.00'), ('2857','171','25','7','3','0','1','35.00'), ('2858','171','48','7','0','0','1','35.00'), ('2859','172','0','64','0','0','1','0.00'), ('2860','172','0','37','0','0','1','80.00'), ('2861','172','0','32','0','0','1','25.00'), ('2862','172','0','34','0','0','1','60.00'), ('2863','172','46','17','0','0','1','270.00'), ('2864','172','46','7','5','4','1','35.00'), ('2865','173','0','36','0','0','1','60.00');
INSERT INTO `presupuesto_detalles` VALUES ('2866','173','0','64','0','0','1','30.00'), ('2867','173','0','34','0','0','1','75.00'), ('2868','173','0','32','0','0','1','50.00'), ('2869','173','11','11','0','0','1','500.00'), ('2870','173','17','7','4','0','1','45.00'), ('2871','173','21','11','0','0','1','500.00'), ('2872','173','24','7','3','0','1','45.00'), ('2873','173','34','6','0','0','1','40.00'), ('2874','173','35','7','3','0','1','45.00'), ('2875','173','35','86','0','0','1','30.00'), ('2876','173','35','6','0','0','1','40.00'), ('2877','173','36','6','0','0','1','40.00'), ('2878','173','45','86','0','0','1','30.00'), ('2879','173','45','7','4','0','1','45.00'), ('2880','173','47','6','0','0','1','40.00'), ('2881','174','0','36','0','0','1','60.00'), ('2882','174','0','64','0','0','1','30.00'), ('2883','174','16','6','0','0','1','40.00'), ('2884','174','25','6','0','0','1','40.00'), ('2885','174','33','38','0','0','2','30.00'), ('2886','174','33','38','0','0','1','30.00'), ('2887','174','37','38','0','0','2','30.00'), ('2888','174','43','38','0','0','2','30.00'), ('2889','174','44','6','0','0','1','40.00'), ('2890','174','44','38','0','0','2','30.00'), ('2891','174','45','6','0','0','1','40.00'), ('2892','174','45','38','0','0','2','30.00'), ('2893','174','47','6','0','0','1','40.00'), ('2894','174','47','38','0','0','2','30.00'), ('2895','175','0','64','0','0','1','30.00'), ('2896','175','0','32','0','0','1','50.00'), ('2897','175','0','33','0','0','1','45.00'), ('2898','175','0','37','0','0','1','80.00'), ('2899','175','14','7','0','0','1','45.00'), ('2900','175','15','7','4','0','1','45.00'), ('2901','175','15','16','0','0','1','240.00'), ('2902','175','17','7','5','0','1','45.00'), ('2903','175','18','12','0','0','1','35.00'), ('2904','175','24','7','0','0','1','45.00'), ('2905','175','25','7','0','0','1','45.00'), ('2906','175','26','12','0','0','1','35.00'), ('2907','175','27','7','5','0','1','45.00'), ('2908','175','28','7','0','0','1','45.00'), ('2909','175','35','16','0','0','1','240.00'), ('2910','175','35','7','3','0','1','45.00'), ('2911','175','36','12','0','0','1','35.00'), ('2912','175','46','12','0','0','1','35.00'), ('2913','175','47','12','0','0','1','35.00'), ('2914','176','34','7','0','0','1','35.00'), ('2915','176','35','7','0','0','1','35.00'), ('2916','176','36','7','5','0','1','35.00'), ('2917','176','44','7','0','0','1','35.00'), ('2918','176','46','63','0','0','1','15.00'), ('2919','177','0','32','0','0','1','50.00'), ('2920','177','0','37','0','0','1','80.00'), ('2921','177','0','34','0','0','1','75.00'), ('2922','177','0','64','0','0','1','30.00'), ('2923','177','16','7','4','5','1','45.00'), ('2924','177','17','7','5','0','1','45.00'), ('2925','177','18','7','0','0','1','45.00'), ('2926','177','24','85','0','0','1','30.00'), ('2927','177','24','7','3','0','1','45.00'), ('2928','177','26','63','0','0','1','20.00'), ('2929','177','26','85','0','0','1','30.00'), ('2930','177','26','7','5','0','1','45.00'), ('2931','177','27','85','0','0','1','30.00'), ('2932','177','27','7','5','0','1','45.00'), ('2933','177','36','7','5','0','1','45.00'), ('2934','177','37','7','0','0','1','45.00'), ('2935','177','46','63','0','0','1','20.00'), ('2936','177','46','45','0','0','2','320.00'), ('2937','177','46','7','5','4','2','45.00'), ('2938','177','46','9','0','0','2','400.00'), ('2939','177','46','23','0','0','2','150.00'), ('2940','177','47','7','0','0','1','45.00'), ('2941','178','0','64','0','0','1','30.00'), ('2942','178','0','34','0','0','1','75.00'), ('2943','178','0','32','0','0','1','50.00'), ('2944','178','0','76','0','0','1','600.00'), ('2945','178','0','77','0','0','1','150.00'), ('2946','178','22','5','0','0','1','45.00'), ('2947','178','27','7','0','0','1','45.00'), ('2948','178','47','7','0','0','1','45.00'), ('2949','179','0','69','0','0','1','10.00'), ('2950','179','34','7','0','0','1','35.00'), ('2951','179','37','7','0','0','1','35.00'), ('2952','179','44','7','0','0','1','35.00'), ('2953','179','45','7','0','0','1','35.00'), ('2954','180','0','64','0','0','1','30.00'), ('2955','180','0','34','0','0','1','75.00'), ('2956','180','17','6','0','0','1','40.00'), ('2957','180','22','51','0','0','1','90.00'), ('2958','180','23','63','0','0','1','20.00'), ('2959','180','25','6','0','0','1','40.00'), ('2960','180','25','63','0','0','1','20.00'), ('2961','180','26','6','0','0','1','40.00'), ('2962','181','0','64','0','0','1','30.00'), ('2963','181','0','77','0','0','1','150.00'), ('2964','181','0','122','0','0','1','1500.00'), ('2965','181','0','37','0','0','1','80.00');
INSERT INTO `presupuesto_detalles` VALUES ('2966','181','0','32','0','0','1','50.00'), ('2967','181','0','34','0','0','1','75.00'), ('2968','182','0','64','0','0','1','30.00'), ('2969','182','0','126','0','0','1','170.00'), ('2970','182','0','32','0','0','1','50.00'), ('2971','182','0','34','0','0','1','75.00'), ('2972','183','0','64','0','0','1','30.00'), ('2973','183','0','32','0','0','1','50.00'), ('2974','183','0','35','0','0','1','40.00'), ('2975','183','0','34','0','0','1','75.00'), ('2976','183','0','76','0','0','1','600.00'), ('2977','183','0','77','0','0','1','150.00'), ('2978','183','0','67','0','0','1','30.00'), ('2979','183','0','107','0','0','1','70.00'), ('2980','183','0','108','0','0','1','70.00'), ('2981','184','0','64','0','0','1','30.00'), ('2982','184','0','32','0','0','1','50.00'), ('2983','184','0','34','0','0','1','75.00'), ('2984','184','0','35','0','0','1','40.00'), ('2985','184','14','7','0','0','1','45.00'), ('2986','184','15','7','3','4','1','45.00'), ('2987','184','21','3','5','0','1','45.00'), ('2988','184','23','63','0','0','1','20.00'), ('2989','184','24','7','0','0','1','45.00'), ('2990','184','25','7','3','0','1','45.00'), ('2991','184','28','7','0','0','1','45.00'), ('2992','184','35','3','0','0','1','45.00'), ('2993','184','36','3','7','0','1','45.00'), ('2994','184','37','4','0','0','1','40.00'), ('2995','184','45','63','0','0','1','20.00'), ('2996','185','0','64','0','0','1','30.00'), ('2997','185','0','34','0','0','1','75.00'), ('2998','185','0','67','0','0','1','30.00'), ('2999','185','11','11','0','0','2','500.00'), ('3000','185','12','11','0','0','2','500.00'), ('3001','185','21','11','0','0','2','500.00'), ('3002','185','22','11','0','0','2','500.00'), ('3003','185','23','11','0','0','2','500.00'), ('3004','185','33','9','0','0','1','400.00'), ('3005','185','33','7','4','0','1','45.00'), ('3006','185','34','9','0','0','1','400.00'), ('3007','185','34','7','4','0','1','45.00'), ('3008','185','36','17','0','0','1','290.00'), ('3009','185','36','9','0','0','1','400.00'), ('3010','185','36','7','4','0','1','45.00'), ('3011','185','38','26','0','0','1','200.00'), ('3012','185','45','7','0','0','1','45.00'), ('3013','185','46','17','0','0','1','290.00'), ('3014','185','46','7','3','0','1','45.00'), ('3015','185','46','9','0','0','1','400.00'), ('3016','186','11','69','0','0','2','10.00'), ('3017','186','12','69','0','0','2','10.00'), ('3018','186','13','69','0','0','2','10.00'), ('3019','186','14','69','0','0','2','10.00'), ('3020','186','15','69','0','0','2','10.00'), ('3021','186','21','69','0','0','2','10.00'), ('3022','186','22','51','0','0','2','90.00'), ('3023','186','23','69','0','0','2','10.00'), ('3024','186','24','69','0','0','2','10.00'), ('3025','186','25','69','0','0','2','10.00'), ('3026','186','34','69','0','0','2','10.00'), ('3027','186','35','69','0','0','2','10.00'), ('3028','186','43','69','0','0','2','10.00'), ('3029','186','44','69','0','0','2','10.00'), ('3030','186','45','16','0','0','2','240.00'), ('3031','186','45','23','0','0','2','150.00'), ('3032','186','45','51','0','0','2','90.00'), ('3033','186','45','6','0','0','2','40.00'), ('3034','186','46','51','0','0','2','90.00'), ('3035','186','46','85','0','0','2','30.00'), ('3036','186','46','6','0','0','2','40.00'), ('3037','187','0','64','0','0','1','30.00'), ('3038','187','0','34','0','0','1','75.00'), ('3039','187','0','32','0','0','1','50.00'), ('3040','187','16','7','0','0','1','45.00'), ('3041','187','17','7','0','0','1','45.00'), ('3042','187','26','7','0','0','1','45.00'), ('3043','187','27','7','0','0','1','45.00'), ('3044','187','34','7','0','0','1','45.00'), ('3045','187','37','7','0','0','1','45.00'), ('3046','187','44','31','0','0','1','20.00'), ('3047','187','45','31','0','0','1','20.00'), ('3048','187','46','7','0','0','1','45.00'), ('3049','188','0','64','0','0','1','30.00'), ('3050','188','0','35','0','0','1','40.00'), ('3051','188','0','33','0','0','1','45.00'), ('3052','188','0','32','0','0','1','50.00'), ('3053','188','12','5','0','0','1','45.00'), ('3054','188','13','5','0','0','1','45.00'), ('3055','188','14','7','0','0','1','45.00'), ('3056','188','15','7','0','0','1','45.00'), ('3057','188','16','5','7','0','1','45.00'), ('3058','188','17','7','0','0','1','45.00'), ('3059','188','22','5','0','0','1','45.00'), ('3060','188','23','5','0','0','1','45.00'), ('3061','188','24','7','0','0','1','45.00'), ('3062','188','25','7','0','0','1','45.00'), ('3063','188','26','7','0','0','1','45.00'), ('3064','188','27','5','7','0','1','45.00'), ('3065','188','34','7','0','0','1','45.00');
INSERT INTO `presupuesto_detalles` VALUES ('3066','188','35','7','0','0','1','45.00'), ('3067','188','36','5','7','0','1','45.00'), ('3068','188','37','7','0','0','1','45.00'), ('3069','188','45','7','0','0','1','45.00'), ('3070','188','46','5','7','0','1','45.00'), ('3071','188','47','7','0','0','1','45.00'), ('3072','189','0','64','0','0','1','30.00'), ('3073','189','0','32','0','0','1','50.00'), ('3074','189','0','34','0','0','1','75.00'), ('3075','189','0','66','0','0','1','270.00'), ('3076','189','14','7','0','0','1','45.00'), ('3077','189','16','7','5','0','1','45.00'), ('3078','189','17','7','0','0','1','45.00'), ('3079','189','22','5','0','0','1','45.00'), ('3080','189','26','7','5','0','1','45.00'), ('3081','190','48','14','0','0','1','200.00'), ('3082','191','0','32','0','0','1','25.00'), ('3083','191','0','34','0','0','1','60.00'), ('3084','192','0','32','0','0','1','50.00'), ('3085','192','0','34','0','0','1','75.00'), ('3086','192','74','7','5','0','1','45.00'), ('3087','192','74','85','0','0','1','30.00'), ('3088','192','74','84','0','0','1','15.00'), ('3089','192','75','7','5','0','1','45.00'), ('3090','192','75','85','0','0','1','30.00'), ('3091','192','84','7','0','0','1','45.00'), ('3092','192','85','20','0','0','1','120.00'), ('3093','192','85','84','0','0','1','15.00'), ('3094','192','85','7','5','0','1','45.00'), ('3095','193','0','67','0','0','1','30.00'), ('3096','193','0','64','0','0','1','30.00'), ('3097','193','0','32','0','0','1','50.00'), ('3098','193','0','71','0','0','1','750.00'), ('3099','193','0','35','0','0','1','40.00'), ('3100','193','0','34','0','0','1','75.00'), ('3101','193','0','66','0','0','1','270.00'), ('3102','193','11','49','0','0','1','60.00'), ('3103','193','12','50','0','0','1','75.00'), ('3104','193','21','49','0','0','1','60.00'), ('3105','193','22','50','0','0','1','75.00'), ('3106','193','23','4','0','0','1','40.00'), ('3107','193','24','7','4','3','1','45.00'), ('3108','193','27','7','3','0','1','45.00'), ('3109','193','36','5','7','0','1','45.00'), ('3110','193','36','85','0','0','1','30.00'), ('3111','193','37','6','0','0','1','40.00'), ('3112','193','37','7','4','0','1','45.00'), ('3113','193','45','7','2','4','1','45.00'), ('3114','193','47','7','5','0','1','45.00'), ('3115','194','0','64','0','0','1','30.00'), ('3116','194','0','34','0','0','1','75.00'), ('3117','194','0','35','0','0','1','40.00'), ('3118','194','0','32','0','0','1','50.00'), ('3119','194','11','7','0','0','1','45.00'), ('3120','194','12','7','0','0','1','45.00'), ('3121','194','13','7','0','0','1','45.00'), ('3122','194','14','7','0','0','1','45.00'), ('3123','194','15','7','0','0','1','45.00'), ('3124','194','16','5','7','0','1','45.00'), ('3125','194','17','7','0','0','1','45.00'), ('3126','194','18','7','0','0','1','45.00'), ('3127','194','21','7','0','0','1','45.00'), ('3128','194','22','7','0','0','1','45.00'), ('3129','194','23','7','0','0','1','45.00'), ('3130','194','24','7','0','0','1','45.00'), ('3131','194','25','7','0','0','1','45.00'), ('3132','194','26','63','0','0','1','20.00'), ('3133','194','27','5','7','0','1','45.00'), ('3134','194','28','7','0','0','1','45.00'), ('3135','194','34','7','0','0','1','45.00'), ('3136','194','35','7','0','0','1','45.00'), ('3137','194','36','7','5','0','1','45.00'), ('3138','194','37','7','5','0','1','45.00'), ('3139','194','44','7','0','0','1','45.00'), ('3140','194','46','63','0','0','1','20.00'), ('3141','194','47','7','5','0','1','45.00'), ('3142','195','0','102','0','0','1','70.00'), ('3143','195','0','70','0','0','1','300.00'), ('3144','195','0','67','0','0','1','30.00'), ('3145','195','0','66','0','0','1','270.00'), ('3146','195','11','49','0','0','1','60.00'), ('3147','195','12','50','0','0','1','75.00'), ('3148','195','21','49','0','0','1','60.00'), ('3149','195','22','50','0','0','1','75.00'), ('3150','195','23','4','0','0','1','40.00'), ('3151','196','0','70','0','0','1','300.00'), ('3152','196','0','72','0','0','1','450.00'), ('3153','196','0','102','0','0','1','70.00'), ('3154','196','0','67','0','0','1','30.00'), ('3155','197','0','32','0','0','1','50.00'), ('3156','197','0','34','0','0','1','75.00'), ('3157','197','0','67','0','0','2','30.00'), ('3158','197','0','64','0','0','2','30.00'), ('3159','197','51','12','0','0','1','35.00'), ('3160','197','52','12','0','0','1','35.00'), ('3161','197','54','7','4','5','1','45.00'), ('3162','197','54','84','0','0','2','15.00'), ('3163','197','54','20','0','0','1','120.00'), ('3164','197','55','7','4','5','1','45.00'), ('3165','197','55','20','0','0','1','120.00');
INSERT INTO `presupuesto_detalles` VALUES ('3166','197','61','12','0','0','1','35.00'), ('3167','197','62','12','0','0','1','35.00'), ('3168','197','63','3','7','0','1','45.00'), ('3169','197','63','20','0','0','1','120.00'), ('3170','197','64','84','0','0','2','15.00'), ('3171','197','64','7','3','5','1','45.00'), ('3172','197','64','20','0','0','1','120.00'), ('3173','197','65','7','3','5','1','45.00'), ('3174','197','65','21','0','0','1','170.00'), ('3175','197','74','12','0','0','1','35.00'), ('3176','197','75','59','0','0','2','180.00'), ('3177','197','82','3','0','0','1','45.00'), ('3178','197','84','12','0','0','1','35.00'), ('3179','197','85','3','0','0','1','45.00'), ('3180','197','85','59','0','0','2','180.00'), ('3181','198','0','64','0','0','1','30.00'), ('3182','198','0','36','0','0','1','60.00'), ('3183','198','0','34','0','0','1','75.00'), ('3184','198','0','32','0','0','1','50.00'), ('3185','198','13','7','0','0','1','45.00'), ('3186','198','14','7','5','0','1','45.00'), ('3187','198','15','7','0','0','1','45.00'), ('3188','198','17','7','5','0','1','45.00'), ('3189','198','18','7','0','0','1','45.00'), ('3190','198','25','86','0','0','1','30.00'), ('3191','198','25','7','4','3','1','45.00'), ('3192','198','27','7','5','0','1','45.00'), ('3193','198','35','7','0','0','1','45.00'), ('3194','198','36','86','0','0','1','30.00'), ('3195','198','36','7','5','0','1','45.00'), ('3196','198','37','7','0','0','1','45.00'), ('3197','198','44','7','0','0','1','45.00'), ('3198','198','46','86','0','0','1','30.00'), ('3199','198','46','7','3','5','1','45.00'), ('3200','199','35','7','0','0','1','45.00'), ('3201','199','45','13','0','0','1','70.00'), ('3202','199','46','7','3','0','1','45.00'), ('3203','200','0','53','0','0','1','500.00'), ('3204','200','44','9','0','0','1','400.00'), ('3205','200','45','9','0','0','1','400.00'), ('3206','200','46','9','0','0','1','400.00'), ('3207','201','0','67','0','0','1','30.00'), ('3208','201','0','66','0','0','1','270.00'), ('3209','202','0','64','0','0','1','30.00'), ('3210','202','0','32','0','0','1','50.00'), ('3211','202','0','35','0','0','1','40.00'), ('3212','202','0','33','0','0','1','45.00'), ('3213','202','13','63','0','0','1','20.00'), ('3214','202','13','5','0','0','1','45.00'), ('3215','202','15','63','0','0','1','20.00'), ('3216','202','15','86','0','0','1','30.00'), ('3217','202','15','3','0','0','1','45.00'), ('3218','202','18','3','0','0','1','45.00'), ('3219','202','34','7','0','0','1','45.00'), ('3220','202','38','7','0','0','1','45.00'), ('3221','202','44','7','0','0','1','45.00'), ('3222','202','45','98','0','0','1','35.00'), ('3223','202','45','7','3','0','1','45.00'), ('3224','203','0','32','0','0','1','50.00'), ('3225','203','0','34','0','0','1','75.00'), ('3226','203','51','3','4','0','1','45.00'), ('3227','203','54','7','0','0','1','45.00'), ('3228','203','55','7','0','0','1','45.00'), ('3229','203','61','84','0','0','1','15.00'), ('3230','203','62','5','2','0','1','45.00'), ('3231','203','64','7','0','0','1','45.00'), ('3232','203','65','7','0','0','1','45.00'), ('3233','203','74','7','0','0','1','45.00'), ('3234','203','75','7','0','0','1','45.00'), ('3235','203','84','7','0','0','1','45.00'), ('3236','203','85','7','0','0','1','45.00'), ('3237','204','0','53','0','0','1','500.00'), ('3238','204','0','54','0','0','1','600.00'), ('3239','204','0','55','0','0','1','700.00'), ('3240','204','0','16','0','0','1','240.00'), ('3241','204','13','6','0','0','1','40.00'), ('3242','205','0','64','0','0','1','30.00'), ('3243','205','0','21','0','0','1','170.00'), ('3244','205','0','20','0','0','1','120.00'), ('3245','205','0','7','0','0','1','45.00'), ('3246','205','0','50','0','0','1','75.00'), ('3247','205','0','85','0','0','1','30.00'), ('3248','205','0','61','0','0','1','150.00'), ('3249','205','63','6','0','0','1','40.00'), ('3250','205','64','84','0','0','1','15.00'), ('3251','205','74','84','0','0','1','15.00'), ('3252','206','0','34','0','0','1','75.00'), ('3253','206','0','64','0','0','1','30.00'), ('3254','206','0','32','0','0','1','50.00'), ('3255','206','12','69','0','0','1','10.00'), ('3256','206','12','5','0','0','1','45.00'), ('3257','206','13','6','0','0','1','40.00'), ('3258','206','15','7','4','0','1','45.00'), ('3259','206','16','69','0','0','1','10.00'), ('3260','206','21','69','0','0','1','10.00'), ('3261','206','22','69','0','0','1','10.00'), ('3262','206','22','5','0','0','1','45.00'), ('3263','206','24','69','0','0','1','10.00'), ('3264','206','24','7','0','0','1','45.00'), ('3265','206','26','69','0','0','1','10.00');
INSERT INTO `presupuesto_detalles` VALUES ('3266','206','36','7','5','0','1','45.00'), ('3267','206','46','7','5','0','1','45.00'), ('3268','206','47','7','0','0','1','45.00'), ('3269','207','0','64','0','0','1','30.00'), ('3270','207','0','34','0','0','1','75.00'), ('3271','207','0','32','0','0','1','50.00'), ('3272','207','0','35','0','0','1','40.00'), ('3273','207','16','7','3','4','1','45.00'), ('3274','207','16','17','0','0','1','290.00'), ('3275','207','17','7','0','0','1','45.00'), ('3276','207','24','3','0','0','1','45.00'), ('3277','207','25','7','4','0','1','45.00'), ('3278','207','26','7','0','0','1','45.00'), ('3279','207','27','7','0','0','1','45.00'), ('3280','207','28','7','0','0','1','45.00'), ('3281','207','35','7','0','0','1','45.00'), ('3282','207','36','7','0','0','1','45.00'), ('3283','207','37','7','0','0','1','45.00'), ('3284','207','38','7','0','0','1','45.00'), ('3285','207','45','7','0','0','1','45.00'), ('3286','207','46','7','0','0','1','45.00'), ('3287','207','47','7','0','0','1','45.00'), ('3288','207','48','7','0','0','1','45.00'), ('3289','208','54','7','3','0','1','45.00'), ('3290','208','85','7','3','0','1','45.00'), ('3291','209','0','64','0','0','1','30.00'), ('3292','209','0','77','0','0','2','150.00'), ('3293','209','0','32','0','0','1','50.00'), ('3294','209','0','34','0','0','1','75.00'), ('3295','209','0','67','0','0','2','30.00'), ('3296','209','0','76','0','0','2','600.00'), ('3297','209','12','5','0','0','1','45.00'), ('3298','209','13','7','0','0','1','45.00'), ('3299','209','15','7','0','0','1','45.00'), ('3300','209','17','7','5','0','1','45.00'), ('3301','209','18','7','0','0','1','45.00'), ('3302','209','21','5','0','0','1','45.00'), ('3303','209','22','5','0','0','1','45.00'), ('3304','209','23','7','0','0','1','45.00'), ('3305','209','24','7','0','0','1','45.00'), ('3306','209','26','7','5','0','1','45.00'), ('3307','209','27','7','5','0','1','45.00'), ('3308','209','28','7','5','0','1','45.00'), ('3309','209','34','7','0','0','1','45.00'), ('3310','209','37','7','0','0','1','45.00'), ('3311','209','47','7','5','0','1','45.00'), ('3312','209','48','7','0','0','1','45.00'), ('3313','210','0','76','0','0','2','600.00'), ('3314','210','0','64','0','0','1','30.00'), ('3315','210','0','33','0','0','1','45.00'), ('3316','210','0','32','0','0','1','50.00'), ('3317','210','0','35','0','0','1','40.00'), ('3318','210','0','14','0','0','2','200.00'), ('3319','210','0','77','0','0','2','150.00'), ('3320','210','15','7','0','0','1','45.00'), ('3321','210','16','7','5','2','1','45.00'), ('3322','210','17','7','0','0','1','45.00'), ('3323','210','22','4','0','0','1','40.00'), ('3324','210','23','5','0','0','1','45.00'), ('3325','210','26','7','0','0','1','45.00'), ('3326','210','27','7','5','0','1','45.00'), ('3327','210','34','7','0','0','1','45.00'), ('3328','210','35','63','0','0','1','20.00'), ('3329','210','35','7','0','0','1','45.00'), ('3330','210','36','7','0','0','1','45.00'), ('3331','210','37','7','0','0','1','45.00'), ('3332','210','45','7','2','0','1','45.00'), ('3333','210','46','7','0','0','1','45.00'), ('3334','210','47','7','0','0','1','45.00'), ('3335','211','0','32','0','0','1','50.00'), ('3336','211','0','37','0','0','1','80.00'), ('3337','211','0','33','0','0','1','45.00'), ('3338','211','0','64','0','0','1','30.00'), ('3339','211','15','6','0','0','1','40.00'), ('3340','211','15','7','0','0','1','45.00'), ('3341','211','17','7','0','0','1','45.00'), ('3342','211','24','6','0','0','1','40.00'), ('3343','211','25','6','0','0','1','40.00'), ('3344','211','26','6','0','0','1','40.00'), ('3345','211','26','7','0','0','1','45.00'), ('3346','211','35','6','0','0','1','40.00'), ('3347','211','35','7','3','0','1','45.00'), ('3348','211','44','6','0','0','1','40.00'), ('3349','211','45','6','0','0','1','40.00'), ('3350','211','46','6','0','0','1','40.00'), ('3351','212','0','64','0','0','1','30.00'), ('3352','212','0','32','0','0','1','50.00'), ('3353','212','0','33','0','0','1','45.00'), ('3354','212','55','7','0','0','1','45.00'), ('3355','212','65','7','0','0','1','45.00'), ('3356','212','75','7','0','0','1','45.00'), ('3357','212','84','7','4','0','1','45.00'), ('3358','212','85','7','0','0','1','45.00'), ('3359','213','0','64','0','0','1','30.00'), ('3360','213','0','32','0','0','1','50.00'), ('3361','213','0','34','0','0','1','75.00'), ('3362','213','55','7','0','0','1','45.00'), ('3363','213','65','7','0','0','1','45.00'), ('3364','213','74','7','0','0','1','45.00'), ('3365','213','85','7','5','0','1','45.00');
INSERT INTO `presupuesto_detalles` VALUES ('3366','214','0','133','0','0','1','12.00'), ('3367','214','0','33','0','0','1','45.00'), ('3368','214','0','64','0','0','1','30.00'), ('3369','214','0','32','0','0','1','50.00'), ('3370','214','0','36','0','0','1','60.00'), ('3371','214','35','12','0','0','1','35.00'), ('3372','214','43','6','0','0','1','40.00'), ('3373','214','44','7','4','0','1','45.00'), ('3374','214','44','16','0','0','1','240.00'), ('3375','214','44','23','0','0','1','150.00'), ('3376','214','44','63','0','0','1','20.00'), ('3377','215','0','36','0','0','1','60.00'), ('3378','215','0','32','0','0','1','50.00'), ('3379','215','0','64','0','0','2','30.00'), ('3380','215','0','34','0','0','1','75.00'), ('3381','215','0','90','0','0','1','1400.00'), ('3382','215','23','16','0','0','1','240.00'), ('3383','215','23','63','0','0','1','20.00'), ('3384','215','23','4','7','3','1','40.00'), ('3385','215','31','6','0','0','2','40.00'), ('3386','215','32','6','0','0','2','40.00'), ('3387','215','33','6','0','0','2','40.00'), ('3388','215','34','7','0','0','1','45.00'), ('3389','215','35','4','7','3','1','40.00'), ('3390','215','35','16','0','0','1','240.00'), ('3391','215','35','63','0','0','1','20.00'), ('3392','215','41','6','0','0','2','40.00'), ('3393','215','42','6','0','0','2','40.00'), ('3394','215','43','6','0','0','2','40.00'), ('3395','215','45','6','0','0','2','40.00'), ('3396','216','0','64','0','0','1','30.00'), ('3397','216','0','34','0','0','1','75.00'), ('3398','216','0','32','0','0','1','50.00'), ('3399','216','0','36','0','0','1','60.00'), ('3400','216','11','5','3','4','1','45.00'), ('3401','216','15','3','0','0','1','45.00'), ('3402','216','21','15','0','0','1','190.00'), ('3403','216','21','5','4','3','1','45.00'), ('3404','216','21','63','0','0','1','20.00'), ('3405','216','22','3','0','0','1','45.00'), ('3406','216','23','4','0','0','1','40.00'), ('3407','216','24','6','0','0','1','40.00'), ('3408','216','27','4','3','7','1','40.00'), ('3409','216','35','6','0','0','1','40.00'), ('3410','216','37','6','0','0','1','40.00'), ('3411','216','46','13','0','0','1','70.00'), ('3412','216','46','63','0','0','1','20.00'), ('3413','217','0','64','0','0','1','30.00'), ('3414','217','0','61','0','0','1','150.00'), ('3415','217','51','4','3','2','1','40.00'), ('3416','217','52','3','2','4','1','45.00'), ('3417','217','53','2','4','0','1','45.00'), ('3418','217','54','7','0','0','1','45.00'), ('3419','217','61','4','2','3','1','40.00'), ('3420','217','62','4','3','2','1','40.00'), ('3421','217','63','4','2','0','1','40.00'), ('3422','217','64','7','0','0','1','45.00'), ('3423','217','74','7','0','0','1','45.00'), ('3424','217','84','7','0','0','1','45.00'), ('3425','218','0','64','0','0','1','30.00'), ('3426','218','0','66','0','0','2','270.00'), ('3427','218','0','32','0','0','1','50.00'), ('3428','218','0','34','0','0','1','75.00'), ('3429','218','0','37','0','0','1','80.00'), ('3430','218','11','2','5','0','1','45.00'), ('3431','218','12','5','0','0','1','45.00'), ('3432','218','14','7','0','0','1','45.00'), ('3433','218','15','7','0','0','1','45.00'), ('3434','218','16','7','2','3','1','45.00'), ('3435','218','16','86','0','0','1','30.00'), ('3436','218','16','63','0','0','1','20.00'), ('3437','218','17','7','0','0','1','45.00'), ('3438','218','22','2','5','0','1','45.00'), ('3439','218','23','5','0','0','1','45.00'), ('3440','218','24','7','0','0','1','45.00'), ('3441','218','25','7','0','0','1','45.00'), ('3442','218','26','7','0','0','1','45.00'), ('3443','218','34','7','0','0','1','45.00'), ('3444','218','35','7','0','0','1','45.00'), ('3445','218','36','7','0','0','1','45.00'), ('3446','218','37','7','0','0','1','45.00'), ('3447','218','44','7','0','0','1','45.00'), ('3448','218','45','7','0','0','1','45.00'), ('3449','218','46','7','0','0','1','45.00'), ('3450','218','47','7','0','0','1','45.00'), ('3451','219','0','64','0','0','1','30.00'), ('3452','219','0','32','0','0','1','50.00'), ('3453','219','0','126','0','0','1','170.00'), ('3454','219','0','34','0','0','1','75.00'), ('3455','219','12','5','0','0','1','45.00'), ('3456','219','14','7','0','0','1','45.00'), ('3457','219','15','7','0','0','1','45.00'), ('3458','219','16','7','2','0','1','45.00'), ('3459','219','17','86','0','0','1','30.00'), ('3460','219','17','7','3','2','1','45.00'), ('3461','219','17','63','0','0','1','20.00'), ('3462','219','22','5','0','0','1','45.00'), ('3463','219','24','7','0','0','1','45.00'), ('3464','219','25','7','0','0','1','45.00'), ('3465','219','26','7','2','0','1','45.00');
INSERT INTO `presupuesto_detalles` VALUES ('3466','219','27','7','0','0','1','45.00'), ('3467','219','31','4','3','0','2','40.00'), ('3468','219','32','3','4','0','2','45.00'), ('3469','219','33','3','4','0','2','45.00'), ('3470','219','35','7','0','0','1','45.00'), ('3471','219','37','7','0','0','1','45.00'), ('3472','219','41','3','4','0','2','45.00'), ('3473','219','42','3','4','0','2','45.00'), ('3474','219','43','3','4','0','2','45.00'), ('3475','219','45','7','0','0','1','45.00'), ('3476','219','46','7','5','0','1','45.00'), ('3477','219','47','7','0','0','1','45.00'), ('3478','220','0','64','0','0','1','30.00'), ('3479','220','74','7','0','0','1','45.00'), ('3480','220','84','7','0','0','1','45.00'), ('3481','221','0','64','0','0','1','30.00'), ('3482','221','0','32','0','0','1','50.00'), ('3483','221','0','35','0','0','1','40.00'), ('3484','221','0','34','0','0','1','75.00'), ('3485','221','12','5','0','0','1','45.00'), ('3486','221','14','7','0','0','1','45.00'), ('3487','221','16','5','0','0','1','45.00'), ('3488','221','17','7','0','0','1','45.00'), ('3489','221','26','7','5','0','1','45.00'), ('3490','221','27','7','0','0','1','45.00'), ('3491','221','36','7','0','0','1','45.00'), ('3492','221','37','7','0','0','1','45.00'), ('3493','221','37','86','0','0','1','30.00'), ('3494','221','46','7','0','0','1','45.00'), ('3495','221','47','7','0','0','1','45.00'), ('3496','221','47','86','0','0','1','30.00'), ('3497','222','0','32','0','0','1','50.00'), ('3498','222','0','64','0','0','1','30.00'), ('3499','222','0','35','0','0','1','40.00'), ('3500','222','0','34','0','0','1','75.00'), ('3501','223','0','32','0','0','1','50.00'), ('3502','223','0','34','0','0','1','75.00'), ('3503','223','0','64','0','0','1','30.00'), ('3504','223','0','36','0','0','1','60.00'), ('3505','223','11','63','0','0','1','20.00'), ('3506','223','11','2','3','0','1','45.00'), ('3507','223','12','3','0','0','1','45.00'), ('3508','223','21','51','0','0','1','90.00'), ('3509','223','22','4','5','0','1','40.00'), ('3510','223','25','7','0','0','1','45.00'), ('3511','223','27','7','5','0','1','45.00'), ('3512','223','35','6','0','0','1','40.00'), ('3513','223','45','7','0','0','1','45.00'), ('3514','224','0','32','0','0','1','50.00'), ('3515','224','0','61','0','0','1','150.00'), ('3516','224','0','64','0','0','1','30.00'), ('3517','224','0','34','0','0','1','75.00'), ('3518','224','53','84','0','0','1','15.00'), ('3519','224','54','7','4','3','1','45.00'), ('3520','224','54','21','0','0','1','170.00'), ('3521','224','55','20','0','0','1','120.00'), ('3522','224','55','7','3','0','1','45.00'), ('3523','224','64','84','0','0','1','15.00'), ('3524','224','65','7','4','5','1','45.00'), ('3525','224','65','20','0','0','1','120.00'), ('3526','224','74','7','0','0','1','45.00'), ('3527','224','75','12','0','0','1','35.00'), ('3528','224','84','84','0','0','1','15.00'), ('3529','224','85','21','0','0','1','170.00'), ('3530','224','85','7','4','3','1','45.00'), ('3531','225','37','63','0','0','1','20.00'), ('3532','225','37','17','0','0','1','290.00'), ('3533','225','37','23','0','0','1','150.00'), ('3534','225','37','9','0','0','1','400.00'), ('3535','226','0','32','0','0','1','50.00'), ('3536','226','0','34','0','0','1','75.00'), ('3537','226','0','35','0','0','1','40.00'), ('3538','226','0','33','0','0','1','45.00'), ('3539','226','14','7','0','0','1','45.00'), ('3540','226','15','7','0','0','1','45.00'), ('3541','226','16','63','0','0','1','20.00'), ('3542','226','17','7','0','0','1','45.00'), ('3543','226','25','7','0','0','1','45.00'), ('3544','226','27','7','0','0','1','45.00'), ('3545','226','37','7','5','0','1','45.00'), ('3546','226','45','7','0','0','1','45.00'), ('3547','226','47','7','5','0','1','45.00'), ('3548','227','0','64','0','0','1','30.00'), ('3549','227','0','32','0','0','1','50.00'), ('3550','227','0','34','0','0','1','75.00'), ('3551','227','26','7','0','0','1','45.00'), ('3552','227','36','31','0','0','1','20.00'), ('3553','227','46','31','0','0','1','20.00'), ('3554','227','54','12','0','0','1','35.00'), ('3555','227','55','84','0','0','1','15.00'), ('3556','227','55','20','0','0','1','120.00'), ('3557','227','55','7','2','3','1','45.00'), ('3558','227','65','7','2','4','1','45.00'), ('3559','227','65','86','0','0','1','30.00'), ('3560','227','74','7','0','0','1','45.00'), ('3561','227','75','7','4','0','1','45.00'), ('3562','228','0','64','0','0','1','30.00'), ('3563','228','0','33','0','0','1','45.00'), ('3564','228','0','36','0','0','1','60.00'), ('3565','228','15','7','4','0','1','45.00');
INSERT INTO `presupuesto_detalles` VALUES ('3566','228','16','7','3','5','1','45.00'), ('3567','228','17','7','0','0','1','45.00'), ('3568','228','18','7','0','0','1','45.00'), ('3569','228','23','50','0','0','1','75.00'), ('3570','228','23','86','0','0','1','30.00'), ('3571','228','26','7','0','0','1','45.00'), ('3572','228','27','7','0','0','1','45.00'), ('3573','228','35','7','0','0','1','45.00'), ('3574','228','38','7','0','0','1','45.00'), ('3575','228','48','7','5','0','1','45.00'), ('3576','229','0','34','0','0','1','75.00'), ('3577','229','0','32','0','0','1','50.00'), ('3578','229','0','61','0','0','1','150.00'), ('3579','229','55','31','0','0','1','20.00'), ('3580','229','74','7','0','0','1','45.00'), ('3581','229','75','20','0','0','1','120.00'), ('3582','229','75','7','5','0','1','45.00'), ('3583','229','85','20','0','0','1','120.00'), ('3584','229','85','7','5','0','1','45.00'), ('3585','230','0','39','0','0','1','150.00'), ('3586','230','11','23','0','0','1','150.00'), ('3587','230','11','9','0','0','1','400.00'), ('3588','231','0','32','0','0','1','50.00'), ('3589','231','0','35','0','0','1','40.00'), ('3590','231','0','34','0','0','1','75.00'), ('3591','231','14','31','0','0','1','20.00'), ('3592','231','15','31','0','0','1','20.00'), ('3593','231','16','31','0','0','1','20.00'), ('3594','231','17','31','0','0','1','20.00'), ('3595','231','24','31','0','0','1','20.00'), ('3596','231','25','31','0','0','1','20.00'), ('3597','231','26','31','0','0','1','20.00'), ('3598','231','27','31','0','0','1','20.00'), ('3599','231','34','31','0','0','1','20.00'), ('3600','231','35','31','0','0','1','20.00'), ('3601','231','36','31','0','0','1','20.00'), ('3602','231','37','7','0','0','1','45.00'), ('3603','231','44','31','0','0','1','20.00'), ('3604','231','45','31','0','0','1','20.00'), ('3605','231','46','31','0','0','1','20.00'), ('3606','231','47','31','0','0','1','20.00'), ('3607','232','0','64','0','0','1','30.00'), ('3608','232','0','67','0','0','1','30.00'), ('3609','232','0','34','0','0','1','75.00'), ('3610','232','0','32','0','0','1','50.00'), ('3611','232','14','12','0','0','1','35.00'), ('3612','232','16','7','0','0','1','45.00'), ('3613','232','24','12','0','0','1','35.00'), ('3614','232','24','7','0','0','1','45.00'), ('3615','232','26','7','5','0','1','45.00'), ('3616','232','34','12','0','0','1','35.00'), ('3617','232','36','7','5','0','1','45.00'), ('3618','232','44','12','0','0','1','35.00'), ('3619','232','46','7','5','0','1','45.00'), ('3620','233','0','126','0','0','1','170.00'), ('3621','233','0','32','0','0','1','50.00'), ('3622','233','31','12','0','0','1','35.00'), ('3623','233','32','12','0','0','1','35.00'), ('3624','234','0','64','0','0','1','30.00'), ('3625','234','0','67','0','0','1','30.00'), ('3626','234','0','35','0','0','1','40.00'), ('3627','234','0','33','0','0','1','45.00'), ('3628','234','0','103','0','0','1','20.00'), ('3629','234','14','6','0','0','1','40.00'), ('3630','234','15','6','0','0','1','40.00'), ('3631','234','21','3','0','0','1','45.00'), ('3632','234','21','11','0','0','1','500.00'), ('3633','234','22','11','0','0','1','500.00'), ('3634','234','23','11','0','0','1','500.00'), ('3635','234','24','11','0','0','1','500.00'), ('3636','234','25','11','0','0','1','500.00'), ('3637','234','26','11','0','0','1','500.00'), ('3638','234','27','7','0','0','1','45.00'), ('3639','234','43','6','0','0','1','40.00'), ('3640','234','44','6','0','0','1','40.00'), ('3641','234','45','6','0','0','1','40.00'), ('3642','234','47','6','0','0','1','40.00'), ('3643','235','0','35','0','0','1','40.00'), ('3644','235','0','32','0','0','1','50.00'), ('3645','235','0','34','0','0','1','75.00'), ('3646','235','0','64','0','0','1','30.00'), ('3647','235','14','31','0','0','1','20.00'), ('3648','235','37','82','0','0','1','50.00'), ('3649','235','47','82','0','0','1','50.00'), ('3650','236','0','64','0','0','1','30.00'), ('3651','236','0','66','0','0','1','270.00'), ('3652','236','0','32','0','0','1','50.00'), ('3653','236','0','34','0','0','1','75.00'), ('3654','236','12','7','0','0','1','45.00'), ('3655','236','13','2','0','0','1','45.00'), ('3656','236','16','7','0','0','1','45.00'), ('3657','236','17','7','0','0','1','45.00'), ('3658','236','24','7','0','0','1','45.00'), ('3659','236','25','7','0','0','1','45.00'), ('3660','236','27','7','0','0','1','45.00'), ('3661','236','35','7','0','0','1','45.00'), ('3662','236','36','7','0','0','1','45.00'), ('3663','236','44','7','5','0','1','45.00'), ('3664','236','45','7','5','0','1','45.00'), ('3665','236','46','7','0','0','1','45.00');
INSERT INTO `presupuesto_detalles` VALUES ('3666','237','0','64','0','0','1','30.00'), ('3667','237','0','33','0','0','1','45.00'), ('3668','237','0','37','0','0','1','80.00'), ('3669','237','0','32','0','0','1','50.00'), ('3670','237','12','5','0','0','1','45.00'), ('3671','237','14','31','0','0','1','20.00'), ('3672','237','15','31','0','0','1','20.00'), ('3673','237','16','31','0','0','1','20.00'), ('3674','237','17','31','0','0','1','20.00'), ('3675','237','24','31','0','0','1','20.00'), ('3676','237','25','31','0','0','1','20.00'), ('3677','237','26','5','0','0','1','45.00'), ('3678','237','26','31','0','0','1','20.00'), ('3679','237','27','31','0','0','1','20.00'), ('3680','237','34','31','0','0','1','20.00'), ('3681','237','35','31','0','0','1','20.00'), ('3682','237','36','31','0','0','1','20.00'), ('3683','237','37','7','0','0','1','45.00'), ('3684','237','44','31','0','0','1','20.00'), ('3685','237','45','31','0','0','1','20.00'), ('3686','237','46','31','0','0','1','20.00'), ('3687','237','47','31','0','0','1','20.00'), ('3688','238','0','64','0','0','1','30.00'), ('3689','238','0','34','0','0','1','75.00'), ('3690','238','0','32','0','0','1','50.00'), ('3691','238','16','7','0','0','1','45.00'), ('3692','238','26','7','0','0','1','45.00'), ('3693','238','36','7','0','0','1','45.00'), ('3694','238','46','7','5','0','1','45.00'), ('3695','238','54','84','0','0','1','15.00'), ('3696','238','54','12','0','0','1','35.00'), ('3697','238','55','7','0','0','1','45.00'), ('3698','238','65','12','0','0','1','35.00'), ('3699','238','65','84','0','0','1','15.00'), ('3700','238','74','3','0','0','1','45.00'), ('3701','238','74','84','0','0','1','15.00'), ('3702','238','75','12','0','0','1','35.00'), ('3703','238','84','12','0','0','1','35.00'), ('3704','238','84','84','0','0','1','15.00'), ('3705','238','85','7','2','0','1','45.00'), ('3706','239','0','64','0','0','1','30.00'), ('3707','239','0','34','0','0','1','75.00'), ('3708','239','0','32','0','0','1','50.00'), ('3709','239','0','37','0','0','1','80.00'), ('3710','239','14','7','0','0','1','45.00'), ('3711','239','15','7','0','0','1','45.00'), ('3712','239','16','7','0','0','1','45.00'), ('3713','239','22','5','0','0','1','45.00'), ('3714','239','24','7','0','0','1','45.00'), ('3715','239','25','7','0','0','1','45.00'), ('3716','239','26','7','5','4','1','45.00'), ('3717','239','34','7','0','0','1','45.00'), ('3718','239','35','7','0','0','1','45.00'), ('3719','239','44','7','0','0','1','45.00'), ('3720','239','45','7','0','0','1','45.00'), ('3721','239','47','7','0','0','1','45.00'), ('3722','239','47','63','0','0','1','20.00'), ('3723','240','0','64','0','0','1','30.00'), ('3724','240','0','126','0','0','1','170.00'), ('3725','240','0','34','0','0','1','75.00'), ('3726','240','0','32','0','0','1','50.00'), ('3727','240','11','7','3','0','1','45.00'), ('3728','240','12','5','0','0','1','45.00'), ('3729','240','14','7','4','0','1','45.00'), ('3730','240','15','7','4','0','1','45.00'), ('3731','240','21','5','0','0','1','45.00'), ('3732','240','22','3','0','0','1','45.00'), ('3733','240','25','7','3','0','1','45.00'), ('3734','240','28','4','5','3','1','40.00'), ('3735','240','34','7','0','0','1','45.00'), ('3736','240','35','7','0','0','1','45.00'), ('3737','240','41','7','3','0','1','45.00'), ('3738','240','44','7','0','0','1','45.00'), ('3739','240','45','7','5','0','1','45.00'), ('3740','241','0','64','0','0','1','30.00'), ('3741','241','0','37','0','0','1','80.00'), ('3742','241','0','32','0','0','1','50.00'), ('3743','241','0','34','0','0','1','75.00'), ('3744','241','13','86','0','0','1','30.00'), ('3745','241','13','3','5','0','1','45.00'), ('3746','241','17','7','3','0','1','45.00'), ('3747','241','24','86','0','0','1','30.00'), ('3748','241','24','7','3','0','1','45.00'), ('3749','241','25','7','4','0','1','45.00'), ('3750','241','25','86','0','0','1','30.00'), ('3751','241','28','7','0','0','1','45.00'), ('3752','241','36','3','0','0','1','45.00'), ('3753','241','37','4','7','0','1','40.00'), ('3754','241','44','4','0','0','1','40.00'), ('3755','241','45','3','0','0','1','45.00'), ('3756','241','47','86','0','0','1','30.00'), ('3757','241','47','26','0','0','1','200.00'), ('3758','242','0','35','0','0','1','40.00'), ('3759','242','0','32','0','0','1','50.00'), ('3760','242','0','34','0','0','1','75.00'), ('3761','242','0','64','0','0','1','30.00'), ('3762','242','17','7','0','0','1','45.00'), ('3763','243','0','64','0','0','1','30.00'), ('3764','243','0','32','0','0','1','50.00'), ('3765','243','0','126','0','0','1','170.00');
INSERT INTO `presupuesto_detalles` VALUES ('3766','243','0','34','0','0','1','75.00'), ('3767','243','11','5','0','0','1','45.00'), ('3768','243','16','7','5','0','1','45.00'), ('3769','243','17','7','0','0','1','45.00'), ('3770','243','18','7','0','0','1','45.00'), ('3771','243','22','3','5','0','1','45.00'), ('3772','243','25','7','0','0','1','45.00'), ('3773','243','26','5','0','0','1','45.00'), ('3774','243','27','7','3','0','1','45.00'), ('3775','243','28','7','0','0','1','45.00'), ('3776','243','36','7','5','0','1','45.00'), ('3777','243','37','7','5','0','1','45.00'), ('3778','243','38','7','0','0','1','45.00'), ('3779','243','46','7','5','0','1','45.00'), ('3780','244','0','64','0','0','1','30.00'), ('3781','244','0','32','0','0','1','50.00'), ('3782','244','0','126','0','0','1','170.00'), ('3783','244','0','34','0','0','1','75.00'), ('3784','245','0','64','0','0','1','30.00'), ('3785','245','0','34','0','0','1','75.00'), ('3786','245','0','32','0','0','1','50.00'), ('3787','245','0','35','0','0','1','40.00'), ('3788','245','12','3','0','0','1','45.00'), ('3789','245','14','7','0','0','1','45.00'), ('3790','245','15','7','0','0','1','45.00'), ('3791','245','22','7','4','0','1','45.00'), ('3792','245','24','7','0','0','1','45.00'), ('3793','245','25','7','0','0','1','45.00'), ('3794','245','27','7','0','0','1','45.00'), ('3795','245','35','7','3','0','1','45.00'), ('3796','245','36','4','0','0','1','40.00'), ('3797','245','37','3','0','0','1','45.00'), ('3798','245','38','4','0','0','1','40.00'), ('3799','245','45','7','4','0','1','45.00'), ('3800','245','46','6','0','0','1','40.00'), ('3801','245','46','7','4','0','1','45.00'), ('3802','245','46','86','0','0','1','30.00'), ('3803','245','47','7','4','0','1','45.00'), ('3804','246','0','64','0','0','1','30.00'), ('3805','246','0','34','0','0','1','75.00'), ('3806','246','0','72','0','0','1','450.00'), ('3807','246','0','35','0','0','1','40.00'), ('3808','246','0','32','0','0','1','50.00'), ('3809','246','11','7','0','0','1','45.00'), ('3810','246','14','7','3','0','1','45.00'), ('3811','246','15','7','0','0','1','45.00'), ('3812','246','17','7','0','0','1','45.00'), ('3813','246','25','7','0','0','1','45.00'), ('3814','246','27','7','0','0','1','45.00'), ('3815','246','35','7','0','0','1','45.00'), ('3816','246','37','7','0','0','1','45.00'), ('3817','246','44','7','0','0','1','45.00'), ('3818','246','45','7','0','0','1','45.00'), ('3819','247','0','90','0','0','1','1400.00'), ('3820','247','24','7','0','0','1','45.00'), ('3821','247','26','7','3','0','1','45.00'), ('3822','247','34','7','0','0','1','45.00'), ('3823','247','44','2','0','0','1','45.00'), ('3824','247','45','7','0','0','1','45.00'), ('3825','247','47','7','0','0','1','45.00'), ('3826','248','0','34','0','0','1','75.00'), ('3827','248','0','32','0','0','1','50.00'), ('3828','248','0','61','0','0','1','150.00'), ('3829','248','64','7','0','0','1','45.00'), ('3830','248','65','7','0','0','1','45.00'), ('3831','248','74','7','0','0','1','45.00'), ('3832','248','75','7','0','0','1','45.00'), ('3833','248','84','20','0','0','1','120.00'), ('3834','248','84','7','4','0','1','45.00'), ('3835','248','85','7','0','0','1','45.00'), ('3836','249','0','64','0','0','1','30.00'), ('3837','249','0','34','0','0','1','75.00'), ('3838','249','0','32','0','0','1','50.00'), ('3839','249','54','7','3','0','1','45.00'), ('3840','249','55','31','0','0','1','20.00'), ('3841','249','65','7','0','0','1','45.00'), ('3842','249','74','31','0','0','1','20.00'), ('3843','249','75','31','0','0','1','20.00'), ('3844','249','84','7','4','0','1','45.00'), ('3845','249','85','31','0','0','1','20.00'), ('3846','250','0','64','0','0','1','30.00'), ('3847','250','0','35','0','0','1','40.00'), ('3848','250','0','34','0','0','1','75.00'), ('3849','250','0','32','0','0','1','50.00'), ('3850','250','16','31','0','0','1','20.00'), ('3851','250','26','31','0','0','1','20.00'), ('3852','250','36','31','0','0','1','20.00'), ('3853','250','46','31','0','0','1','20.00'), ('3854','250','53','12','0','0','1','35.00'), ('3855','250','54','7','0','0','1','45.00'), ('3856','250','64','7','0','0','1','45.00'), ('3857','250','74','7','0','0','1','45.00'), ('3858','250','75','7','0','0','1','45.00'), ('3859','250','83','12','0','0','1','35.00'), ('3860','251','0','64','0','0','1','30.00'), ('3861','251','0','37','0','0','1','80.00'), ('3862','251','0','33','0','0','1','45.00'), ('3863','251','0','32','0','0','1','50.00'), ('3864','251','14','86','0','0','1','30.00'), ('3865','251','14','7','3','0','1','45.00');
INSERT INTO `presupuesto_detalles` VALUES ('3866','251','16','17','0','0','1','290.00'), ('3867','251','16','26','0','0','1','200.00'), ('3868','251','17','7','0','0','1','45.00'), ('3869','251','22','5','0','0','1','45.00'), ('3870','251','27','7','4','0','1','45.00'), ('3871','251','28','7','4','0','1','45.00'), ('3872','251','37','7','0','0','1','45.00'), ('3873','252','0','64','0','0','1','30.00'), ('3874','252','0','32','0','0','1','50.00'), ('3875','252','0','34','0','0','1','75.00'), ('3876','252','16','5','0','0','1','45.00'), ('3877','252','16','31','0','0','1','20.00'), ('3878','252','26','7','0','0','1','45.00'), ('3879','252','36','7','0','0','1','45.00'), ('3880','252','36','31','0','0','1','20.00'), ('3881','252','65','12','0','0','1','35.00'), ('3882','253','0','64','0','0','1','30.00'), ('3883','253','0','33','0','0','1','45.00'), ('3884','253','0','32','0','0','1','50.00'), ('3885','253','12','5','3','0','1','45.00'), ('3886','253','13','5','4','0','1','45.00'), ('3887','253','13','86','0','0','1','30.00'), ('3888','253','14','86','0','0','1','30.00'), ('3889','253','14','7','3','0','1','45.00'), ('3890','253','36','7','5','0','1','45.00'), ('3891','253','36','63','0','0','1','20.00'), ('3892','253','37','7','0','0','1','45.00'), ('3893','253','44','7','4','0','1','45.00'), ('3894','253','46','26','0','0','1','200.00'), ('3895','253','46','63','0','0','1','20.00'), ('3896','253','46','86','0','0','1','30.00'), ('3897','253','47','26','0','0','1','200.00'), ('3898','253','47','86','0','0','1','30.00'), ('3899','254','0','32','0','0','1','50.00'), ('3900','254','0','33','0','0','1','45.00'), ('3901','254','0','64','0','0','1','30.00'), ('3902','254','13','7','0','0','1','45.00'), ('3903','254','14','6','0','0','1','40.00'), ('3904','254','15','6','0','0','1','40.00'), ('3905','254','15','7','0','0','1','45.00'), ('3906','254','16','7','0','0','1','45.00'), ('3907','254','24','6','0','0','1','40.00'), ('3908','254','27','7','0','0','1','45.00'), ('3909','254','28','7','0','0','1','45.00'), ('3910','254','36','7','3','5','1','45.00'), ('3911','255','0','33','0','0','1','45.00'), ('3912','255','0','34','0','0','2','75.00'), ('3913','255','14','2','0','0','1','45.00'), ('3914','255','14','7','0','0','2','45.00'), ('3915','255','22','6','0','0','1','40.00'), ('3916','255','22','7','0','0','1','45.00');
INSERT INTO `proveedors` VALUES ('1','RTCerDent - Percy Lucano Campos','artdent_89@hotmail.com','Av. Los Heroes N536 - Ovalo Bolognesi, Cajamarca','47070979','','948418104','Va Lab Laboratorio Dental','Trujillo - La Libertad','10470709796','','','3','1','2017-10-13 15:03:31','0000-00-00 00:00:00','0'), ('2','Adderlin Alonso Marquez','artdent_89@hotmail.com','Urb. Huanchaquito Alto Mz. 1 Lt. 29 - Trujillo','45436163','(044)652123','980777620','RTCerDent','Cajamarca','','','','3','1','2017-11-15 17:04:28','0000-00-00 00:00:00','0'), ('3','MarkDen','','','','951816140','959022919','','','','','','3','1','2017-10-13 15:10:09','2017-10-13 15:10:09','0'), ('4','DR. Marco Retegui Navarro','','','','','','','','','','','0','0','2018-03-12 16:32:10','2018-03-12 16:32:10','0');
INSERT INTO `proveedors_detalles` VALUES ('1','1','PPR, con dientes olimpic (unidad)','160.0'), ('2','1','PPR, con dientes ortolux (unidad)','190.0'), ('3','1','PPR, con dientes ivostar (unidad)','230.0'), ('4','1','Prtesis Total, con dientes olimpic (unidad)','90.0'), ('5','1','Prtesis Total, con dientes ortolux (unidad)','100.0'), ('6','1','Prtesis Total, con dientes ivostar (unidad)','115.0'), ('7','1','Corona Metal Porcelana, IPS d.SING','90.0'), ('8','1','Incrustacion, Disilicato de litio','180.0'), ('9','1','Corona libre de metal, IPS e.max','210.0'), ('10','1','Espigo muon','20.0'), ('11','1','Cubeta individual','10.0'), ('12','3','ATP','35.0'), ('13','3','Placas de contencin','35.0'), ('14','3','Encerado por pieza','5.0'), ('15','3','Frula de acetato, para blanqueamiento (unidad)','15.0'), ('16','3','Recorte de modelos','15.0'), ('17','3','Soldadura de tubos por unidad','5.0'), ('18','3','Hyrax adulto','160.0'), ('19','3','hyrax peditrico','180.0'), ('20','2','Corona Metal Porcelana','80.0'), ('21','2','Corona Veneer Cermica','75.0'), ('22','2','Corona Cermica Free Metal','160.0'), ('23','2','Corona de Veener o Jacket Ivocrn','35.0'), ('24','2','Incrustacin ivocrn','35.0'), ('25','2','Corona metlica','30.0'), ('26','2','Perno mun tcnica directa','15.0'), ('27','2','Perno mun tcnica indirecta','20.0'), ('28','2','PPR, con dientes olimpic (unidad) - Base metlica','160.0'), ('29','2','PPR, con dientes olimpic (unidad) - Retenedor Wipla','70.0'), ('30','2','Prtesis Completa, con dientes olimpic (unidad)','80.0'), ('31','2','Frula miorelajante con acrilico termocurado','60.0'), ('32','2','Rebasado','40.0'), ('33','2','Cubeta individual','15.0'), ('36','4','Frenectoma Labial','200.0'), ('37','4','Frenectoma Lingual','250.0'), ('38','4','Exodoncia de #2 3ras (Superior y Inferior) PROMEDIO','350.0');
INSERT INTO `roles` VALUES ('1','Administrador','Administrador'), ('2','Colaborador','Usuario Invitado');
INSERT INTO `tratamientos` VALUES ('2','Resina Simple Vestibular','0000-00-00','0000-00-00','1','0'), ('3','Resina Simple Mesial','0000-00-00','0000-00-00','1','0'), ('4','Resina Simple Distal','0000-00-00','0000-00-00','1','0'), ('5','Resina Simple Palatino','0000-00-00','0000-00-00','1','0'), ('6','Ionomero','0000-00-00','0000-00-00','1','0'), ('7','Resina Simple Oclusal','0000-00-00','0000-00-00','1','0'), ('8','Corona Fenestrada','0000-00-00','0000-00-00','1','0'), ('9','Corona Metal Porcelana','0000-00-00','0000-00-00','1','0'), ('10','Corona de Acero','0000-00-00','0000-00-00','1','0'), ('11','Corona Free Metal','0000-00-00','0000-00-00','1','0'), ('12','Exodoncia Simple','0000-00-00','0000-00-00','1','0'), ('13','Exodoncia Compleja','0000-00-00','0000-00-00','1','0'), ('14','Exodoncia 3ra Molar','0000-00-00','0000-00-00','1','0'), ('15','Endodoncia Incisivo','0000-00-00','0000-00-00','1','0'), ('16','Endodoncia de Premolar','0000-00-00','0000-00-00','1','0'), ('17','Endodoncia Molar','0000-00-00','0000-00-00','1','0'), ('18','Carillas Inyectada','0000-00-00','0000-00-00','1','0'), ('19','Carilla Estratificada','0000-00-00','0000-00-00','1','0'), ('20','Pulpotomia','0000-00-00','0000-00-00','1','0'), ('21','Pulpectomia','0000-00-00','0000-00-00','1','0'), ('22','Perno de Colado','0000-00-00','0000-00-00','1','0'), ('23','Perno de Fibra de Vidrio','0000-00-00','0000-00-00','1','0'), ('26','Incrustacion de Resina','0000-00-00','0000-00-00','1','0'), ('27','Incrustacion de Porcelana','0000-00-00','0000-00-00','1','0'), ('28','Incrustacion Metal','0000-00-00','0000-00-00','1','0'), ('29','Resina Compuesta','0000-00-00','0000-00-00','1','0'), ('30','Resina Compleja','0000-00-00','0000-00-00','1','0'), ('31','Sellantes por pieza dental','0000-00-00','0000-00-00','1','0'), ('32','Profilaxis','0000-00-00','0000-00-00','1','0'), ('33','Flor gel','0000-00-00','0000-00-00','1','0'), ('34','Flor Barniz','0000-00-00','0000-00-00','1','0'), ('35','Destartraje (Grado 1)','0000-00-00','0000-00-00','1','0'), ('36','Destartraje (Grado 2)','0000-00-00','0000-00-00','1','0'), ('37','Destartraje (Grado 3)','0000-00-00','0000-00-00','1','0'), ('38','RAR por pieza','0000-00-00','0000-00-00','1','0'), ('39','Colgajo por sextante','0000-00-00','0000-00-00','1','0'), ('40','Odontoseccin (1pieza)','0000-00-00','0000-00-00','1','0'), ('41','Osteotoma','0000-00-00','0000-00-00','1','0'), ('42','Osteoplasta','0000-00-00','0000-00-00','1','0'), ('43','Retratamiento Endodoncia Incisivo','0000-00-00','0000-00-00','1','0'), ('45','Retratamiento Endodoncia Molar','0000-00-00','0000-00-00','1','0'), ('49','Resina Esttica Simple (1 superficie)','0000-00-00','0000-00-00','1','0'), ('50','Resina Esttica Compuesta (2 superficies)','0000-00-00','0000-00-00','1','0'), ('51','Resina Esttica Compleja (3 superficies)','0000-00-00','0000-00-00','1','0'), ('52','Anlisis de Rehabilitacin','0000-00-00','0000-00-00','1','0'), ('53','PPR, Base Metlica Unimaxilar Olimpic','0000-00-00','0000-00-00','1','0'), ('54','PPR, Base Metlica Unimaxilar Ortolux','0000-00-00','0000-00-00','1','0'), ('55','PPR, Base Metlica Unimaxilar Ivostar','0000-00-00','0000-00-00','1','0'), ('56','Prtesis Completa Bimaxilar - Olimpic','2017-10-01','0000-00-00','1','0'), ('57','Prtesis Completa Bimaxilar - Ortolux','2017-10-01','0000-00-00','1','0'), ('58','Prtesis Completa Bimaxilar -  Ivostar','2017-10-01','0000-00-00','1','0'), ('59','Mantenedor de espacio','0000-00-00','0000-00-00','1','0'), ('60','Medicacin Pastas Mdicas','0000-00-00','0000-00-00','1','0'), ('61','Sedacin consciente con medicamentos por/sedacin','0000-00-00','0000-00-00','1','0'), ('62','Sedacin consciente sin medicamentos','0000-00-00','0000-00-00','1','0'), ('63','Radiografa periapical adulto c/u','0000-00-00','0000-00-00','1','0'), ('64','Consulta','0000-00-00','0000-00-00','1','0'), ('65','Frula de Acetato','0000-00-00','0000-00-00','1','0'), ('66','Frula Nauromiorelajante','0000-00-00','0000-00-00','1','0'), ('67','Modelos de Estudio','0000-00-00','0000-00-00','1','0'), ('68','Macro abrasin por pieza','0000-00-00','0000-00-00','1','0'), ('69','Micro abrasin por pieza','0000-00-00','0000-00-00','1','0'), ('70','Blanqueamiento con frulas','0000-00-00','0000-00-00','1','0'), ('71','Blanqueamiento mixto','0000-00-00','0000-00-00','1','0'), ('72','Blanqueamiento lser','0000-00-00','0000-00-00','1','0'), ('73','Anlisis de ortodoncia (Rx cefalomtrica y panormica)','0000-00-00','0000-00-00','1','0'), ('74','Brakets Cermero Inicial','0000-00-00','0000-00-00','1','0'), ('75','Brakets Cermeno Mensualidad','0000-00-00','0000-00-00','1','0'), ('76','Brackets Metlicos Inicial','2017-12-18','0000-00-00','1','0'), ('77','Brackets Metlicos Mensualidad','2017-12-18','0000-00-00','1','0'), ('78','Brackets Cosmticos Porcelana&Zafiro (American Orthodontics) Inicial','2018-03-08','0000-00-00','1','0'), ('79','Brackets Cosmticos Porcelana&Zafiro (American Orthodontics) Mensualidad','2018-03-08','0000-00-00','1','0'), ('80','Brackets Cosmticos Radiance Plus Zafiro (American Orthodontics) Inicial','2018-03-08','0000-00-00','1','0'), ('81','Brackets Cosmticos Radiance Plus Zafiro (American Orthodontics) Mensualidad','2018-03-08','0000-00-00','1','0'), ('82','Gingivoplasta por sextante','0000-00-00','0000-00-00','1','0'), ('83','Gingivectoma por sextante','0000-00-00','0000-00-00','1','0'), ('84','Radiografa periapical nio c/u','0000-00-00','0000-00-00','1','0'), ('85','Recubrimiento Pulpar Directo','0000-00-00','0000-00-00','1','0'), ('86','Recubrimiento Pulpar Indirecto','0000-00-00','0000-00-00','1','0'), ('87','Prtesis Completa Unimaxilar - Olimpic','0000-00-00','0000-00-00','1','0'), ('88','Prtesis Completa Unimaxilar - Ortolux','0000-00-00','0000-00-00','1','0'), ('89','Prtesis Completa Unimaxilar - Ivostar','0000-00-00','0000-00-00','1','0'), ('90','PPR, base metlica Bimaxilar - Ivostar','2017-10-14','0000-00-00','1','0'), ('91','PPR, base metlica Bimaxilar - Ortolux','2017-10-14','0000-00-00','1','0'), ('92','PPR, base metlica Bimaxilar - Olimpic','2017-10-14','0000-00-00','1','0'), ('93','Retratamiento Endodoncia Premolar','0000-00-00','0000-00-00','1','0'), ('94','Frenectoma Labial','2018-03-12','0000-00-00','1','0'), ('95','Fistulografa con Radiografa Periapical','0000-00-00','0000-00-00','1','0'), ('96','Encerado de diagnstico por pieza','0000-00-00','0000-00-00','1','0'), ('97','Reparacin Simple de Prtesis','0000-00-00','0000-00-00','1','0'), ('98','Ajuste Oclusal c/piedra de Arkansas','0000-00-00','0000-00-00','1','0'), ('99','Ciruga de Mucocele','0000-00-00','0000-00-00','1','0'), ('100','Reposicin de tejidos blandos (autoinjerto)','0000-00-00','0000-00-00','1','0'), ('101','Exodoncia de Deciduo','0000-00-00','0000-00-00','1','0'), ('102','Flor Neutro (2 Aplicaciones para Blanqueamiento)','0000-00-00','0000-00-00','1','0'), ('103','Cementacin por corona','0000-00-00','0000-00-00','1','0'), ('107','Retiro de Brackets Arcada Superior + Pulido','2017-09-13','2017-09-13','1','0'), ('108','Retiro de Brackets Arcada Inferior + Pulido','2017-09-13','2017-09-13','1','0'), ('109','Impresin de maxilares','2017-09-13','2017-09-13','1','0'), ('110','Retenedor Dental','2017-09-13','2017-09-13','1','0');
INSERT INTO `tratamientos` VALUES ('111','Hyrax peditrico - Unimaxilar','2017-10-03','2017-10-03','1','0'), ('112','Cambio de Ligas Ortodoncia','2017-10-15','2017-10-15','1','0'), ('113','Certificado Odontoestomatolgico','2017-11-06','2017-11-06','1','0'), ('114','implante + corona','2017-11-10','2017-11-10','1','0'), ('115','implante + corona','2017-11-10','2017-11-10','1','0'), ('116','PRF (adicional a extraccin)','2017-11-10','2017-11-10','1','0'), ('117','Regeneracin osea guiada (por hemiarcada) -2grs.','2017-11-10','2017-11-10','1','0'), ('118','Regeneracin osea guiada (por hemiarcada) +2grs.','2017-11-10','2017-11-10','1','0'), ('119','Rejuvenecimiento facial (por sesin)','2017-11-10','2017-11-10','1','0'), ('120','Rejuvenecimiento facial (03 sesiones)','2017-11-10','2017-11-10','1','0'), ('121','Apicectoma','2017-11-10','2017-11-10','1','0'), ('122','Bichectoma','2017-11-10','2017-11-10','1','0'), ('123','Contensor Brackets + Barra Lingual','2017-11-10','2017-11-10','1','0'), ('124','Re-pegado de brackets metlicos (por unidad)','2017-12-18','2017-12-18','1','0'), ('125','Re-pegado de rackets Cosmticos Radiance Plus Zafiro (AO) (por unidad)','2018-03-08','2017-12-18','1','0'), ('126','Re-pegado de brackets Cosmticos Porcelana&Zafiro (AO) (por unidad)','2018-03-08','2017-12-18','1','0'), ('127','Destartraje (Grado 6)','2017-12-19','2017-12-19','1','0'), ('128','Avance de tratamiento','2017-12-23','2017-12-23','1','0'), ('129','Cementacin de banda, paciente externo','2018-02-14','2018-02-14','1','0'), ('130','Cementacin de banda, paciente en tratamiento','2018-02-14','2018-02-14','1','0'), ('131','Frenectoma Lingual','2018-03-12','2018-03-12','1','0'), ('132','Cera para Ordotoncia (Nacional)','2018-04-11','2018-04-11','1','0'), ('133','Cera para Ordotoncia (Vitis)','2018-04-11','2018-04-11','1','0'), ('134','Ciruga de epulis por arcada','2018-06-14','2018-06-14','1','0'), ('135','Tratamiento de Alveolitis (Alveogel + Blsamo del Per)','2018-06-20','2018-06-20','1','0'), ('136','Operculectoma','2018-08-27','2018-08-27','1','0');
INSERT INTO `users` VALUES ('1','Arturo Rafael Quilcate Gonzales','dr.quilcate92@outlook.com','$2y$10$A7ZE5ybQnZQIWBJDZ5PY5.0jyxONqWApUSfXBrw3PGGk1ifsZSSpW','5DWzGjWNxvhfZYFEINCUvjVan4UwEejiCVLd392amRptBdOHSz9lAnJhsZbd','2017-09-12 21:37:40','2018-10-19 10:59:44','1','1','0'), ('2','Dina Fresia Sandy Melissa Sandoval Vallejos','fresiv.wu@hotmail.com','$2y$10$WWlBvurFJ5aOAxct/DdMW.UBrjVi6H0gnZjBTPn.iYZ/6bY8mQbnq','HqK0Wq60OCE81QSZjpU1YlMQaDxzoKCPfLEwlws5m3DglAq8ovub82j9cOjb','2017-09-12 00:37:59','2018-10-19 11:07:51','2','1','0'), ('3','Administracin','admin@gmail.com','$2y$10$GrW1TK8KpFqpBg5PGR8O0uawge7JVCwDxr5sDENBrtaZkXNmT3zhm','oh1d1fz6lqr0VgW9TF5bVPB3aUnhlPLOhrR3glNBqW2VUlrhw0umpIJaMwRj','2017-08-04 04:20:39','2018-10-30 14:37:15','1','1','0'), ('4','Gian','gian.vallejos92@gmail.com','$2y$10$8FgKrtvVVrPdVa2VIKH/0eRJLblev4pBe1BIeR1qW1soAUMwlLBXy','E2KYWfnb68OhMt0ZiVRaMRBeo5MRUzYvQ2iaFFM5BfNAwZr6I6XB4GNHn4hR','2018-10-18 16:25:44','2018-10-30 14:36:55','2','1','0'), ('5','Jhovana Paola Rabanal Portilla','gothic_30@hotmail.com','$2y$10$V38TSnq/7jFyMA8pdOATZu3oIyBgKc47TtljRe.H4qyZd24u70hMy','ciKGeNLCYkupoVVcUUsLzDN3b7Kqvn245CW1KypzA9GB9omCKCdQ3XU2sV12','2018-08-15 23:40:53','2018-10-19 10:59:11','2','0','0'), ('6','Rosario Teresa','medinadiazchari25@gmial.com','$2y$10$AqT.tWfn66cH.rncQ7VIdu6WPJRKWW3TPruIRTjX7JO8vs1TWINNq',NULL,'2018-10-22 16:06:30','2018-10-22 16:06:30','2','1','0');
